ticker,S,K,moneyness,tau,sigma,r,market_price,normalized_price,implied_vol
AAPL,316.2200012207031,245.0,1.2906938825334822,0.02,0.2510345676789706,0.045,71.32499999999999,0.2911224489795918,1.484377578125
AAPL,316.2200012207031,250.0,1.2648800048828126,0.02,0.2510345676789706,0.045,66.32499999999999,0.2653,1.3789093554687497
AAPL,316.2200012207031,260.0,1.2162307739257812,0.02,0.2510345676789706,0.045,56.325,0.2166346153846154,1.1757853710937498
AAPL,316.2200012207031,265.0,1.1932830234743514,0.02,0.2510345676789706,0.045,51.375,0.1938679245283019,1.1347699511718752
AAPL,316.2200012207031,270.0,1.171185189706308,0.02,0.2510345676789706,0.045,46.25,0.1712962962962963,0.8359391406249999
AAPL,316.2200012207031,275.0,1.1498909135298296,0.02,0.2510345676789706,0.045,41.2,0.14981818181818182,1.474612001953125
AAPL,316.2200012207031,277.5,1.1395315359304616,0.02,0.2510345676789706,0.045,38.75,0.13963963963963963,0.70312796875
AAPL,316.2200012207031,280.0,1.129357147216797,0.02,0.2510345676789706,0.045,36.2,0.1292857142857143,1.3310580322265622
AAPL,316.2200012207031,282.5,1.11936283617948,0.02,0.2510345676789706,0.045,33.85,0.11982300884955753,0.7500025
AAPL,316.2200012207031,285.0,1.1095438639322917,0.02,0.2510345676789706,0.045,31.275,0.10973684210526315,0.6171913281250001
AAPL,316.2200012207031,287.5,1.099895656419837,0.02,0.2510345676789706,0.045,29.05,0.10104347826086957,0.7666038964843751
AAPL,316.2200012207031,290.0,1.0904137973127694,0.02,0.2510345676789706,0.045,26.299999999999997,0.09068965517241379,0.5566450585937501
AAPL,316.2200012207031,292.5,1.0810940212673612,0.02,0.2510345676789706,0.045,23.775,0.08128205128205128,0.9975586181640624
AAPL,316.2200012207031,295.0,1.0719322075278073,0.02,0.2510345676789706,0.045,21.625,0.07330508474576271,0.622074091796875
AAPL,316.2200012207031,297.5,1.062924373851103,0.02,0.2510345676789706,0.045,18.825,0.06327731092436975,0.8549819189453125
AAPL,316.2200012207031,300.0,1.0540666707356772,0.02,0.2510345676789706,0.045,16.05,0.0535,0.5502974658203126
AAPL,316.2200012207031,302.5,1.0453553759362086,0.02,0.2510345676789706,0.045,13.75,0.045454545454545456,0.5185595019531251
AAPL,316.2200012207031,305.0,1.036786889248207,0.02,0.2510345676789706,0.045,11.5,0.03770491803278689,0.4594780615234375
AAPL,316.2200012207031,307.5,1.028357727547002,0.02,0.2510345676789706,0.045,9.25,0.03008130081300813,0.42090422851562503
AAPL,316.2200012207031,310.0,1.0200645200667842,0.02,0.2510345676789706,0.045,7.324999999999999,0.023629032258064515,0.39160764648437496
AAPL,316.2200012207031,312.5,1.01190400390625,0.02,0.2510345676789706,0.045,5.425,0.01736,0.36865865722656255
AAPL,316.2200012207031,315.0,1.003873019748264,0.02,0.2510345676789706,0.045,3.85,0.012222222222222223,0.3544986425781249
AAPL,316.2200012207031,317.5,0.9959685077817422,0.02,0.2510345676789706,0.045,2.605,0.008204724409448819,0.3452213916015625
AAPL,316.2200012207031,320.0,0.9881875038146972,0.02,0.2510345676789706,0.045,1.6749999999999998,0.0052343749999999994,0.3454655297851562
AAPL,316.2200012207031,322.5,0.9805271355680717,0.02,0.2510345676789706,0.045,1.095,0.003395348837209302,0.36133451171875
AAPL,316.2200012207031,325.0,0.972984619140625,0.02,0.2510345676789706,0.045,0.665,0.0020461538461538464,0.36084623535156246
AAPL,316.2200012207031,327.5,0.9655572556357347,0.02,0.2510345676789706,0.045,0.41500000000000004,0.0012671755725190842,0.37256486816406253
AAPL,316.2200012207031,330.0,0.9582424279415246,0.02,0.2510345676789706,0.045,0.26,0.0007878787878787879,0.3842835009765625
AAPL,316.2200012207031,332.5,0.95103759765625,0.02,0.2510345676789706,0.045,0.15500000000000003,0.00046616541353383466,0.39649041015625003
AAPL,316.2200012207031,335.0,0.9439403021513526,0.02,0.2510345676789706,0.045,0.095,0.00028358208955223883,0.4101621484375
AAPL,316.2200012207031,337.5,0.9369481517650463,0.02,0.2510345676789706,0.045,0.055,0.00016296296296296295,0.414068359375
AAPL,316.2200012207031,340.0,0.9300588271197151,0.02,0.2510345676789706,0.045,0.04,0.00011764705882352942,0.4414118359375
AAPL,316.2200012207031,342.5,0.9232700765567975,0.02,0.2510345676789706,0.045,0.03,8.75912408759124e-05,0.46484910156250003
AAPL,316.2200012207031,345.0,0.9165797136831975,0.02,0.2510345676789706,0.045,0.02,5.797101449275363e-05,0.48438015625
AAPL,316.2200012207031,347.5,0.9099856150236061,0.02,0.2510345676789706,0.045,0.015,4.316546762589928e-05,0.49609878906250005
AAPL,316.2200012207031,350.0,0.9034857177734374,0.02,0.2510345676789706,0.045,0.015,4.2857142857142856e-05,0.51562984375
AAPL,316.2200012207031,245.0,1.2906938825334822,0.02,0.2510345676789706,0.045,71.4,0.2914285714285714,1.12891060546875
AAPL,316.2200012207031,250.0,1.2648800048828126,0.02,0.2510345676789706,0.045,66.7,0.26680000000000004,1.2275429248046876
AAPL,316.2200012207031,255.0,1.24007843615962,0.02,0.2510345676789706,0.045,61.4,0.2407843137254902,0.9726565234375
AAPL,316.2200012207031,257.5,1.228038839692051,0.02,0.2510345676789706,0.045,58.8,0.2283495145631068,0.8359391406249999
AAPL,316.2200012207031,260.0,1.2162307739257812,0.02,0.2510345676789706,0.045,56.4,0.2169230769230769,0.8955088574218748
AAPL,316.2200012207031,265.0,1.1932830234743514,0.02,0.2510345676789706,0.045,51.375,0.1938679245283019,0.8017597949218749
AAPL,316.2200012207031,267.5,1.1821308456848716,0.02,0.2510345676789706,0.045,48.875,0.18271028037383177,0.764650791015625
AAPL,316.2200012207031,270.0,1.171185189706308,0.02,0.2510345676789706,0.045,46.7,0.17296296296296299,0.8818371191406249
AAPL,316.2200012207031,275.0,1.1498909135298296,0.02,0.2510345676789706,0.045,41.275,0.15009090909090908,0.5664105859375
AAPL,316.2200012207031,277.5,1.1395315359304616,0.02,0.2510345676789706,0.045,39.05,0.1407207207207207,0.702151416015625
AAPL,316.2200012207031,280.0,1.129357147216797,0.02,0.2510345676789706,0.045,36.224999999999994,0.129375,0.9665530688476562
AAPL,316.2200012207031,282.5,1.11936283617948,0.02,0.2510345676789706,0.045,33.925,0.12008849557522124,0.5712933496093751
AAPL,316.2200012207031,285.0,1.1095438639322917,0.02,0.2510345676789706,0.045,31.8,0.11157894736842106,0.6547886083984377
AAPL,316.2200012207031,287.5,1.099895656419837,0.02,0.2510345676789706,0.045,28.975,0.10078260869565218,0.51562984375
AAPL,316.2200012207031,290.0,1.0904137973127694,0.02,0.2510345676789706,0.045,26.925,0.0928448275862069,0.5944864770507813
AAPL,316.2200012207031,292.5,1.0810940212673612,0.02,0.2510345676789706,0.045,23.975,0.08196581196581197,0.7324245507812499
AAPL,316.2200012207031,295.0,1.0719322075278073,0.02,0.2510345676789706,0.045,21.375,0.07245762711864406,0.5258836474609375
AAPL,316.2200012207031,297.5,1.062924373851103,0.02,0.2510345676789706,0.045,19.299999999999997,0.06487394957983192,0.5388229711914063
AAPL,316.2200012207031,300.0,1.0540666707356772,0.02,0.2510345676789706,0.045,16.875,0.05625,0.445318046875
AAPL,316.2200012207031,302.5,1.0453553759362086,0.02,0.2510345676789706,0.045,14.649999999999999,0.048429752066115696,0.45288633056640626
AAPL,316.2200012207031,305.0,1.036786889248207,0.02,0.2510345676789706,0.045,12.325,0.040409836065573766,0.4145566357421875
AAPL,316.2200012207031,307.5,1.028357727547002,0.02,0.2510345676789706,0.045,10.2,0.03317073170731707,0.3864807446289062
AAPL,316.2200012207031,310.0,1.0200645200667842,0.02,0.2510345676789706,0.045,8.425,0.027177419354838712,0.37256486816406253
AAPL,316.2200012207031,312.5,1.01190400390625,0.02,0.2510345676789706,0.045,6.55,0.02096,0.36255520263671875
AAPL,316.2200012207031,315.0,1.003873019748264,0.02,0.2510345676789706,0.045,5.199999999999999,0.016507936507936506,0.35388829711914055
AAPL,316.2200012207031,317.5,0.9959685077817422,0.02,0.2510345676789706,0.045,3.9749999999999996,0.012519685039370078,0.3523013989257812
AAPL,316.2200012207031,320.0,0.9881875038146972,0.02,0.2510345676789706,0.045,2.9299999999999997,0.00915625,0.3482731188964844
AAPL,316.2200012207031,322.5,0.9805271355680717,0.02,0.2510345676789706,0.045,2.165,0.0067131782945736435,0.3540103662109374
AAPL,316.2200012207031,325.0,0.972984619140625,0.02,0.2510345676789706,0.045,1.51,0.004646153846153846,0.35034829345703117
AAPL,316.2200012207031,327.5,0.9655572556357347,0.02,0.2510345676789706,0.045,1.0750000000000002,0.0032824427480916034,0.3552310571289062
AAPL,316.2200012207031,330.0,0.9582424279415246,0.02,0.2510345676789706,0.045,0.76,0.002303030303030303,0.35938140625
AAPL,316.2200012207031,332.5,0.95103759765625,0.02,0.2510345676789706,0.045,0.535,0.0016090225563909774,0.36524072265625
AAPL,316.2200012207031,335.0,0.9439403021513526,0.02,0.2510345676789706,0.045,0.39,0.0011641791044776119,0.37695935546875
AAPL,316.2200012207031,337.5,0.9369481517650463,0.02,0.2510345676789706,0.045,0.29500000000000004,0.0008740740740740742,0.3940490283203125
MSFT,493.95001220703125,400.0,1.2348750305175782,0.02,0.3253980142962738,0.045,93.825,0.2345625,1.8813482495117184
MSFT,493.95001220703125,405.0,1.2196296597704475,0.02,0.3253980142962738,0.045,88.80000000000001,0.2192592592592593,1.7805186755371092
MSFT,493.95001220703125,410.0,1.2047561273342227,0.02,0.3253980142962738,0.045,83.85,0.2045121951219512,1.7036147631835936
MSFT,493.95001220703125,415.0,1.190240993269955,0.02,0.3253980142962738,0.045,78.975,0.1903012048192771,0.851563984375
MSFT,493.95001220703125,420.0,1.1760714576357887,0.02,0.3253980142962738,0.045,74.0,0.1761904761904762,0.85937640625
MSFT,493.95001220703125,425.0,1.1622353228400735,0.02,0.3253980142962738,0.045,68.9,0.16211764705882353,1.4792506506347656
MSFT,493.95001220703125,430.0,1.148720958621003,0.02,0.3253980142962738,0.045,63.925000000000004,0.14866279069767444,1.390383907470703
MSFT,493.95001220703125,435.0,1.1355172694414513,0.02,0.3253980142962738,0.045,58.85,0.13528735632183908,1.2924840063476561
MSFT,493.95001220703125,440.0,1.1226136641068891,0.02,0.3253980142962738,0.045,53.875,0.12244318181818181,1.195560662841797
MSFT,493.95001220703125,445.0,1.110000027431531,0.02,0.3253980142962738,0.045,48.75,0.10955056179775281,1.0564012023925784
MSFT,493.95001220703125,450.0,1.0976666937934028,0.02,0.3253980142962738,0.045,43.625,0.09694444444444444,0.9270026831054687
MSFT,493.95001220703125,452.5,1.091602236921616,0.02,0.3253980142962738,0.045,41.5,0.09171270718232044,0.893555751953125
MSFT,493.95001220703125,455.0,1.0856044224330357,0.02,0.3253980142962738,0.045,38.8,0.08527472527472527,0.7587914746093751
MSFT,493.95001220703125,457.5,1.0796721578295765,0.02,0.3253980142962738,0.045,35.925,0.07852459016393443,0.7292507543945312
MSFT,493.95001220703125,460.0,1.0738043743631114,0.02,0.3253980142962738,0.045,33.9,0.07369565217391304,0.7812521875
MSFT,493.95001220703125,462.5,1.0680000263935812,0.02,0.3253980142962738,0.045,31.125,0.0672972972972973,0.7153348779296875
MSFT,493.95001220703125,465.0,1.0622580907678092,0.02,0.3253980142962738,0.045,28.7,0.06172043010752688,0.6938507177734375
MSFT,493.95001220703125,467.5,1.0565775662182486,0.02,0.3253980142962738,0.045,26.200000000000003,0.05604278074866311,0.6425816992187501
MSFT,493.95001220703125,470.0,1.0509574727809174,0.02,0.3253980142962738,0.045,23.65,0.05031914893617021,0.5847209497070311
MSFT,493.95001220703125,472.5,1.0453968512318121,0.02,0.3253980142962738,0.045,21.549999999999997,0.045608465608465605,0.5271043383789062
MSFT,493.95001220703125,475.0,1.0398947625411183,0.02,0.3253980142962738,0.045,18.9,0.03978947368421052,0.5014698291015626
MSFT,493.95001220703125,477.5,1.034450287344568,0.02,0.3253980142962738,0.045,16.3,0.03413612565445026,0.4777884252929688
MSFT,493.95001220703125,480.0,1.029062525431315,0.02,0.3253980142962738,0.045,14.275,0.029739583333333333,0.41870698486328123
MSFT,493.95001220703125,482.5,1.0237305952477331,0.02,0.3253980142962738,0.045,11.575,0.02398963730569948,0.33301448242187504
MSFT,493.95001220703125,485.0,1.0184536334165593,0.02,0.3253980142962738,0.045,9.225,0.01902061855670103,0.27466545654296876
MSFT,493.95001220703125,487.5,1.0132307942708334,0.02,0.3253980142962738,0.045,7.125,0.014615384615384615,0.229499892578125
MSFT,493.95001220703125,490.0,1.0080612494021046,0.02,0.3253980142962738,0.045,5.25,0.010714285714285714,0.21595022338867187
MSFT,493.95001220703125,492.5,1.0029441872223985,0.02,0.3253980142962738,0.045,3.65,0.007411167512690355,0.20728331787109372
MSFT,493.95001220703125,495.0,0.9978788125394571,0.02,0.3253980142962738,0.045,2.38,0.004808080808080808,0.2024005541992187
MSFT,493.95001220703125,497.5,0.9928643461447865,0.02,0.3253980142962738,0.045,1.455,0.0029246231155778896,0.2016681396484375
MSFT,493.95001220703125,500.0,0.9879000244140625,0.02,0.3253980142962738,0.045,0.845,0.0016899999999999999,0.20288883056640622
MSFT,493.95001220703125,502.5,0.9829850989194652,0.02,0.3253980142962738,0.045,0.485,0.0009651741293532338,0.20777159423828123
MSFT,493.95001220703125,505.0,0.9781188360535272,0.02,0.3253980142962738,0.045,0.275,0.0005445544554455446,0.21363091064453127
MSFT,493.95001220703125,507.5,0.973300516664101,0.02,0.3253980142962738,0.045,0.16499999999999998,0.00032512315270935956,0.22412885253906245
MSFT,493.95001220703125,510.0,0.9685294357000612,0.02,0.3253980142962738,0.045,0.09,0.0001764705882352941,0.2299881689453125
MSFT,493.95001220703125,512.5,0.963804901867378,0.02,0.3253980142962738,0.045,0.045,8.780487804878048e-05,0.23828886718749998
MSFT,493.95001220703125,515.0,0.9591262372952063,0.02,0.3253980142962738,0.045,0.035,6.79611650485437e-05,0.25098405273437496
MSFT,493.95001220703125,517.5,0.9544927772116546,0.02,0.3253980142962738,0.045,0.025,4.830917874396136e-05,0.27539787109374997
MSFT,493.95001220703125,525.0,0.9408571661086309,0.02,0.3253980142962738,0.045,0.030000000000000002,5.714285714285715e-05,0.35938140625
MSFT,493.95001220703125,380.0,1.299868453176398,0.02,0.3253980142962738,0.045,113.9,0.2997368421052632,1.5761739941406248
MSFT,493.95001220703125,390.0,1.2665384928385417,0.02,0.3253980142962738,0.045,103.92500000000001,0.266474358974359,1.4570339648437498
MSFT,493.95001220703125,395.0,1.2505063600178006,0.02,0.3253980142962738,0.045,98.775,0.25006329113924053,1.3381380749511713
MSFT,493.95001220703125,400.0,1.2348750305175782,0.02,0.3253980142962738,0.045,93.775,0.23443750000000002,1.276614945068359
MSFT,493.95001220703125,405.0,1.2196296597704475,0.02,0.3253980142962738,0.045,88.875,0.21944444444444444,1.2504920288085937
MSFT,493.95001220703125,410.0,1.2047561273342227,0.02,0.3253980142962738,0.045,83.825,0.20445121951219514,1.171879140625
MSFT,493.95001220703125,415.0,1.190240993269955,0.02,0.3253980142962738,0.045,78.875,0.19006024096385543,1.1189008898925783
MSFT,493.95001220703125,420.0,1.1760714576357887,0.02,0.3253980142962738,0.045,73.80000000000001,0.17571428571428574,1.0419969775390627
MSFT,493.95001220703125,425.0,1.1622353228400735,0.02,0.3253980142962738,0.045,68.825,0.16194117647058826,0.9816896362304688
MSFT,493.95001220703125,430.0,1.148720958621003,0.02,0.3253980142962738,0.045,63.85,0.14848837209302326,0.928711650390625
MSFT,493.95001220703125,435.0,1.1355172694414513,0.02,0.3253980142962738,0.045,58.95,0.13551724137931034,0.8950205810546874
MSFT,493.95001220703125,440.0,1.1226136641068891,0.02,0.3253980142962738,0.045,54.1,0.12295454545454546,0.5185595019531251
MSFT,493.95001220703125,445.0,1.110000027431531,0.02,0.3253980142962738,0.045,48.875,0.1098314606741573,0.7531762963867188
MSFT,493.95001220703125,450.0,1.0976666937934028,0.02,0.3253980142962738,0.045,44.075,0.09794444444444445,0.6860382958984376
MSFT,493.95001220703125,452.5,1.091602236921616,0.02,0.3253980142962738,0.045,41.5,0.09171270718232044,0.6832307067871095
MSFT,493.95001220703125,455.0,1.0856044224330357,0.02,0.3253980142962738,0.045,38.9,0.08549450549450549,0.6303747900390625
MSFT,493.95001220703125,457.5,1.0796721578295765,0.02,0.3253980142962738,0.045,36.525,0.07983606557377049,0.625125819091797
MSFT,493.95001220703125,460.0,1.0738043743631114,0.02,0.3253980142962738,0.045,33.925,0.07375,0.5681195532226562
MSFT,493.95001220703125,462.5,1.0680000263935812,0.02,0.3253980142962738,0.045,31.5,0.0681081081081081,0.5466353930664063
MSFT,493.95001220703125,465.0,1.0622580907678092,0.02,0.3253980142962738,0.045,29.225,0.0628494623655914,0.5052539709472657
MSFT,493.95001220703125,467.5,1.0565775662182486,0.02,0.3253980142962738,0.045,26.8,0.05732620320855615,0.4779104943847656
MSFT,493.95001220703125,470.0,1.0509574727809174,0.02,0.3253980142962738,0.045,24.15,0.05138297872340425,0.3986876538085938
MSFT,493.95001220703125,472.5,1.0453968512318121,0.02,0.3253980142962738,0.045,21.725,0.04597883597883598,0.37744763183593744
MSFT,493.95001220703125,475.0,1.0398947625411183,0.02,0.3253980142962738,0.045,19.425,0.04089473684210526,0.3544986425781249
MSFT,493.95001220703125,477.5,1.034450287344568,0.02,0.3253980142962738,0.045,17.1,0.035811518324607335,0.33777517700195314
MSFT,493.95001220703125,480.0,1.029062525431315,0.02,0.3253980142962738,0.045,15.0,0.03125,0.30725790405273434
MSFT,493.95001220703125,482.5,1.0237305952477331,0.02,0.3253980142962738,0.045,13.15,0.027253886010362695,0.3332586206054688
MSFT,493.95001220703125,485.0,1.0184536334165593,0.02,0.3253980142962738,0.045,11.025,0.022731958762886598,0.301764794921875
MSFT,493.95001220703125,487.5,1.0132307942708334,0.02,0.3253980142962738,0.045,9.125,0.01871794871794872,0.2810130493164062
MSFT,493.95001220703125,490.0,1.0080612494021046,0.02,0.3253980142962738,0.045,7.449999999999999,0.01520408163265306,0.27283442016601556
MSFT,493.95001220703125,492.5,1.0029441872223985,0.02,0.3253980142962738,0.045,6.15,0.012487309644670052,0.2691723474121094
NVDA,225.72999572753906,175.0,1.2898856898716518,0.02,0.38196769815523496,0.045,51.400000000000006,0.29371428571428576,2.1093797265624996
NVDA,225.72999572753906,180.0,1.2540555318196616,0.02,0.38196769815523496,0.045,45.525,0.2529166666666667,1.9746095019531251
NVDA,225.72999572753906,182.5,1.2368766889180223,0.02,0.38196769815523496,0.045,43.325,0.23739726027397262,1.3046909765624997
NVDA,225.72999572753906,185.0,1.2201621390677788,0.02,0.38196769815523496,0.045,40.825,0.2206756756756757,1.23047259765625
NVDA,225.72999572753906,187.5,1.203893310546875,0.02,0.38196769815523496,0.045,38.325,0.20440000000000003,1.15625421875
NVDA,225.72999572753906,190.0,1.188052609092311,0.02,0.38196769815523496,0.045,35.825,0.1885526315789474,1.0859420703125
NVDA,225.72999572753906,192.5,1.1726233544287743,0.02,0.38196769815523496,0.045,33.325,0.17311688311688314,1.013676806640625
NVDA,225.72999572753906,195.0,1.1575897216796875,0.02,0.38196769815523496,0.045,30.825,0.1580769230769231,0.9414068359375
NVDA,225.72999572753906,197.5,1.142936687228046,0.02,0.38196769815523496,0.045,29.0,0.1468354430379747,1.3027378613281246
NVDA,225.72999572753906,200.0,1.1286499786376953,0.02,0.38196769815523496,0.045,25.825,0.129125,0.8007832421875
NVDA,225.72999572753906,202.5,1.1147160282841435,0.02,0.38196769815523496,0.045,23.325,0.11518518518518518,0.72851833984375
NVDA,225.72999572753906,205.0,1.1011219303782394,0.02,0.38196769815523496,0.045,20.825,0.10158536585365853,0.65820654296875
NVDA,225.72999572753906,207.5,1.0878554010965737,0.02,0.38196769815523496,0.045,18.375,0.08855421686746988,0.632816171875
NVDA,225.72999572753906,210.0,1.0749047415597097,0.02,0.38196769815523496,0.045,15.875,0.07559523809523809,0.5566450585937501
NVDA,225.72999572753906,212.5,1.0622588034237133,0.02,0.38196769815523496,0.045,13.375,0.06294117647058824,0.5922892333984376
NVDA,225.72999572753906,215.0,1.0499069568722748,0.02,0.38196769815523496,0.045,10.875,0.05058139534883721,0.485356708984375
NVDA,225.72999572753906,217.5,1.0378390608162715,0.02,0.38196769815523496,0.045,8.425,0.03873563218390805,0.3794007373046875
NVDA,225.72999572753906,220.0,1.0260454351251775,0.02,0.38196769815523496,0.045,6.050000000000001,0.027500000000000004,0.3325262060546875
NVDA,225.72999572753906,222.5,1.0145168347305127,0.02,0.38196769815523496,0.045,3.875,0.01741573033707865,0.28955788574218744
NVDA,225.72999572753906,225.0,1.0032444254557291,0.02,0.38196769815523496,0.045,2.115,0.0094,0.26148199462890626
NVDA,225.72999572753906,227.5,0.9922197614397321,0.02,0.38196769815523496,0.045,0.95,0.004175824175824175,0.2541578491210938
NVDA,225.72999572753906,230.0,0.9814347640327785,0.02,0.38196769815523496,0.045,0.375,0.0016304347826086956,0.25879647460937505
NVDA,225.72999572753906,232.5,0.9708817020539314,0.02,0.38196769815523496,0.045,0.165,0.0007096774193548388,0.282233740234375
NVDA,225.72999572753906,235.0,0.9605531733086768,0.02,0.38196769815523496,0.045,0.095,0.0004042553191489362,0.32031929687499994
NVDA,225.72999572753906,237.5,0.9504420872738487,0.02,0.38196769815523496,0.045,0.065,0.0002736842105263158,0.3632876171875
NVDA,225.72999572753906,240.0,0.9405416488647461,0.02,0.38196769815523496,0.045,0.045,0.0001875,0.4023497265625
NVDA,225.72999572753906,242.5,0.9308453432063466,0.02,0.38196769815523496,0.045,0.025,0.00010309278350515464,0.42578699218750005
NVDA,225.72999572753906,245.0,0.9213469213368941,0.02,0.38196769815523496,0.045,0.015,6.122448979591836e-05,0.45703667968750006
NVDA,225.72999572753906,247.5,0.9120403867779356,0.02,0.38196769815523496,0.045,0.015,6.0606060606060605e-05,0.507817421875
NVDA,225.72999572753906,175.0,1.2898856898716518,0.02,0.38196769815523496,0.045,50.625,0.2892857142857143,2.3759806225585933
NVDA,225.72999572753906,180.0,1.2540555318196616,0.02,0.38196769815523496,0.045,44.525000000000006,0.24736111111111114,1.26172244140625
NVDA,225.72999572753906,185.0,1.2201621390677788,0.02,0.38196769815523496,0.045,40.4,0.21837837837837837,1.3115268798828121
NVDA,225.72999572753906,187.5,1.203893310546875,0.02,0.38196769815523496,0.045,38.35,0.20453333333333334,0.8457046679687499
NVDA,225.72999572753906,190.0,1.188052609092311,0.02,0.38196769815523496,0.045,35.7,0.18789473684210528,0.9853517089843751
NVDA,225.72999572753906,192.5,1.1726233544287743,0.02,0.38196769815523496,0.045,33.225,0.1725974025974026,1.7624523596191408
NVDA,225.72999572753906,195.0,1.1575897216796875,0.02,0.38196769815523496,0.045,31.275,0.16038461538461538,0.91211025390625
NVDA,225.72999572753906,197.5,1.142936687228046,0.02,0.38196769815523496,0.045,27.675,0.14012658227848102,1.0639695239257816
NVDA,225.72999572753906,200.0,1.1286499786376953,0.02,0.38196769815523496,0.045,26.0,0.13,0.676761044921875
NVDA,225.72999572753906,202.5,1.1147160282841435,0.02,0.38196769815523496,0.045,24.0,0.11851851851851852,0.7866232275390624
NVDA,225.72999572753906,205.0,1.1011219303782394,0.02,0.38196769815523496,0.045,21.275,0.10378048780487804,0.65820654296875
NVDA,225.72999572753906,207.5,1.0878554010965737,0.02,0.38196769815523496,0.045,18.275,0.0880722891566265,0.523442265625
NVDA,225.72999572753906,210.0,1.0749047415597097,0.02,0.38196769815523496,0.045,15.925,0.07583333333333334,0.4643608251953125
NVDA,225.72999572753906,212.5,1.0622588034237133,0.02,0.38196769815523496,0.045,13.5,0.06352941176470588,0.432622861328125
NVDA,225.72999572753906,215.0,1.0499069568722748,0.02,0.38196769815523496,0.045,11.1,0.05162790697674419,0.39160764648437496
NVDA,225.72999572753906,217.5,1.0378390608162715,0.02,0.38196769815523496,0.045,8.8,0.040459770114942534,0.35205726074218746
NVDA,225.72999572753906,220.0,1.0260454351251775,0.02,0.38196769815523496,0.045,6.725,0.030568181818181817,0.3371648315429688
NVDA,225.72999572753906,222.5,1.0145168347305127,0.02,0.38196769815523496,0.045,4.875,0.021910112359550562,0.3278875805664062
NVDA,225.72999572753906,225.0,1.0032444254557291,0.02,0.38196769815523496,0.045,3.375,0.015,0.3210517114257812
NVDA,225.72999572753906,227.5,0.9922197614397321,0.02,0.38196769815523496,0.045,2.185,0.009604395604395605,0.31836619140624994
NVDA,225.72999572753906,230.0,0.9814347640327785,0.02,0.38196769815523496,0.045,1.34,0.00582608695652174,0.3181220532226562
NVDA,225.72999572753906,232.5,0.9708817020539314,0.02,0.38196769815523496,0.045,0.79,0.0033978494623655917,0.3205634350585937
NVDA,225.72999572753906,235.0,0.9605531733086768,0.02,0.38196769815523496,0.045,0.46499999999999997,0.001978723404255319,0.32813171874999997
NVDA,225.72999572753906,237.5,0.9504420872738487,0.02,0.38196769815523496,0.045,0.28500000000000003,0.0012000000000000001,0.34180345703125
NVDA,225.72999572753906,240.0,0.9405416488647461,0.02,0.38196769815523496,0.045,0.185,0.0007708333333333333,0.35938140625
NVDA,225.72999572753906,242.5,0.9308453432063466,0.02,0.38196769815523496,0.045,0.12,0.0004948453608247422,0.3789124609375
NVDA,225.72999572753906,245.0,0.9213469213368941,0.02,0.38196769815523496,0.045,0.08499999999999999,0.00034693877551020405,0.397466962890625
NVDA,225.72999572753906,247.5,0.9120403867779356,0.02,0.38196769815523496,0.045,0.065,0.00026262626262626266,0.42188078125
NVDA,225.72999572753906,250.0,0.9029199829101563,0.02,0.38196769815523496,0.045,0.045,0.00017999999999999998,0.43945873046875
NVDA,225.72999572753906,252.5,0.8939801810991646,0.02,0.38196769815523496,0.045,0.025,9.900990099009902e-05,0.445318046875
NVDA,225.72999572753906,255.0,0.885215669519761,0.02,0.38196769815523496,0.045,0.025,9.803921568627452e-05,0.4804739453125
NVDA,225.72999572753906,257.5,0.8766213426312197,0.02,0.38196769815523496,0.045,0.02,7.766990291262136e-05,0.5117236328125
NVDA,225.72999572753906,260.0,0.8681922912597656,0.02,0.38196769815523496,0.045,0.02,7.692307692307693e-05,0.523442265625
NVDA,225.72999572753906,265.0,0.8518113046322229,0.02,0.38196769815523496,0.045,0.015,5.660377358490566e-05,0.5625043750000001
NVDA,225.72999572753906,180.0,1.2540555318196616,0.02,0.38196769815523496,0.045,44.150000000000006,0.24527777777777782,1.083988955078125
NVDA,225.72999572753906,185.0,1.2201621390677788,0.02,0.38196769815523496,0.045,40.575,0.21932432432432433,1.5004907788085937
NVDA,225.72999572753906,190.0,1.188052609092311,0.02,0.38196769815523496,0.045,34.1,0.1794736842105263,0.885743330078125
NVDA,225.72999572753906,195.0,1.1575897216796875,0.02,0.38196769815523496,0.045,31.25,0.16025641025641027,0.6826203613281252
NVDA,225.72999572753906,200.0,1.1286499786376953,0.02,0.38196769815523496,0.045,25.674999999999997,0.128375,1.1054732226562503
NVDA,225.72999572753906,205.0,1.1011219303782394,0.02,0.38196769815523496,0.045,21.55,0.1051219512195122,0.5532271240234375
NVDA,225.72999572753906,210.0,1.0749047415597097,0.02,0.38196769815523496,0.045,16.05,0.07642857142857143,0.38477177734374995
AMZN,256.9700012207031,200.0,1.2848500061035155,0.02,0.3447429966448679,0.045,56.975,0.284875,1.09375453125
AMZN,256.9700012207031,210.0,1.2236666724795386,0.02,0.3447429966448679,0.045,47.025,0.22392857142857142,1.140629296875
AMZN,256.9700012207031,215.0,1.1952093080032704,0.02,0.3447429966448679,0.045,41.9,0.19488372093023254,1.9995117211914062
AMZN,256.9700012207031,220.0,1.168045460094105,0.02,0.3447429966448679,0.045,37.625,0.17102272727272727,1.369143779296875
AMZN,256.9700012207031,225.0,1.1420888943142362,0.02,0.3447429966448679,0.045,32.3,0.14355555555555555,1.0478563232421876
AMZN,256.9700012207031,230.0,1.1172608748726223,0.02,0.3447429966448679,0.045,26.725,0.11619565217391305,1.1640666796875
AMZN,256.9700012207031,232.5,1.105247317078293,0.02,0.3447429966448679,0.045,24.6,0.10580645161290324,0.70117486328125
AMZN,256.9700012207031,235.0,1.093489366896609,0.02,0.3447429966448679,0.045,21.925,0.09329787234042554,0.7597680273437502
AMZN,256.9700012207031,237.5,1.0819789525082237,0.02,0.3447429966448679,0.045,19.5,0.08210526315789474,1.0322314013671878
AMZN,256.9700012207031,240.0,1.0707083384195963,0.02,0.3447429966448679,0.045,16.925,0.07052083333333334,0.5927775097656252
AMZN,256.9700012207031,242.5,1.0596701081266109,0.02,0.3447429966448679,0.045,14.45,0.059587628865979375,0.5410202148437502
AMZN,256.9700012207031,245.0,1.0488571478396045,0.02,0.3447429966448679,0.045,11.95,0.04877551020408163,0.46582565429687506
AMZN,256.9700012207031,247.5,1.03826263119476,0.02,0.3447429966448679,0.045,9.45,0.03818181818181818,0.389654541015625
AMZN,256.9700012207031,250.0,1.0278800048828125,0.02,0.3447429966448679,0.045,7.075,0.028300000000000002,0.3364324169921875
AMZN,256.9700012207031,252.5,1.0177029751314974,0.02,0.3447429966448679,0.045,4.775,0.018910891089108914,0.2695385546875
AMZN,256.9700012207031,255.0,1.0077254949831496,0.02,0.3447429966448679,0.045,2.885,0.011313725490196078,0.2375564526367187
AMZN,256.9700012207031,257.5,0.9979417523134102,0.02,0.3447429966448679,0.045,1.475,0.005728155339805825,0.23072058349609376
AMZN,256.9700012207031,260.0,0.9883461585411659,0.02,0.3447429966448679,0.045,0.645,0.002480769230769231,0.23316196533203126
AMZN,256.9700012207031,262.5,0.9789333379836309,0.02,0.3447429966448679,0.045,0.26,0.0009904761904761905,0.24268335449218748
AMZN,256.9700012207031,265.0,0.9696981178139741,0.02,0.3447429966448679,0.045,0.1,0.00037735849056603777,0.256843369140625
AMZN,256.9700012207031,267.5,0.9606355185820677,0.02,0.3447429966448679,0.045,0.045,0.00016822429906542056,0.27539787109374997
AMZN,256.9700012207031,270.0,0.9517407452618635,0.02,0.3447429966448679,0.045,0.025,9.25925925925926e-05,0.304694453125
AMZN,256.9700012207031,272.5,0.9430091787915711,0.02,0.3447429966448679,0.045,0.015,5.504587155963302e-05,0.335944140625
AMZN,256.9700012207031,200.0,1.2848500061035155,0.02,0.3447429966448679,0.045,57.175,0.285875,1.1679729101562502
AMZN,256.9700012207031,205.0,1.2535122010766007,0.02,0.3447429966448679,0.045,52.075,0.25402439024390244,0.9687503125
AMZN,256.9700012207031,210.0,1.2236666724795386,0.02,0.3447429966448679,0.045,47.725,0.22726190476190478,1.231937434082031
AMZN,256.9700012207031,215.0,1.1952093080032704,0.02,0.3447429966448679,0.045,42.025,0.19546511627906976,0.7226590234375
AMZN,256.9700012207031,220.0,1.168045460094105,0.02,0.3447429966448679,0.045,37.075,0.1685227272727273,0.6972686523437501
AMZN,256.9700012207031,225.0,1.1420888943142362,0.02,0.3447429966448679,0.045,32.2,0.14311111111111113,0.69336244140625
AMZN,256.9700012207031,227.5,1.1295384669041895,0.02,0.3447429966448679,0.045,29.700000000000003,0.13054945054945055,0.6445348046875
AMZN,256.9700012207031,230.0,1.1172608748726223,0.02,0.3447429966448679,0.045,27.225,0.11836956521739131,0.6074258007812501
AMZN,256.9700012207031,232.5,1.105247317078293,0.02,0.3447429966448679,0.045,24.725,0.10634408602150539,0.5585981640625001
AMZN,256.9700012207031,235.0,1.093489366896609,0.02,0.3447429966448679,0.045,22.15,0.09425531914893616,0.6235389208984375
AMZN,256.9700012207031,237.5,1.0819789525082237,0.02,0.3447429966448679,0.045,19.75,0.08315789473684211,0.6005899316406251
AMZN,256.9700012207031,240.0,1.0707083384195963,0.02,0.3447429966448679,0.045,17.1,0.07125000000000001,0.47510290527343746
AMZN,256.9700012207031,242.5,1.0596701081266109,0.02,0.3447429966448679,0.045,14.825,0.061134020618556696,0.49023947265625006
AMZN,256.9700012207031,245.0,1.0488571478396045,0.02,0.3447429966448679,0.045,12.25,0.05,0.3930724755859375
AMZN,256.9700012207031,247.5,1.03826263119476,0.02,0.3447429966448679,0.045,10.100000000000001,0.040808080808080814,0.4018614501953125
AMZN,256.9700012207031,250.0,1.0278800048828125,0.02,0.3447429966448679,0.045,7.85,0.0314,0.33887379882812496
AMZN,256.9700012207031,252.5,1.0177029751314974,0.02,0.3447429966448679,0.045,5.9,0.023366336633663366,0.32044136596679684
AMZN,256.9700012207031,255.0,1.0077254949831496,0.02,0.3447429966448679,0.045,3.8,0.014901960784313726,0.3011544494628906
AMZN,256.9700012207031,257.5,0.9979417523134102,0.02,0.3447429966448679,0.045,2.9450000000000003,0.011436893203883497,0.30322962402343745
AMZN,256.9700012207031,260.0,0.9883461585411659,0.02,0.3447429966448679,0.045,1.9249999999999998,0.007403846153846153,0.3002999658203125
AMZN,256.9700012207031,262.5,0.9789333379836309,0.02,0.3447429966448679,0.045,1.205,0.004590476190476191,0.3023751403808594
AMZN,256.9700012207031,265.0,0.9696981178139741,0.02,0.3447429966448679,0.045,0.74,0.002792452830188679,0.30591514404296877
AMZN,256.9700012207031,267.5,0.9606355185820677,0.02,0.3447429966448679,0.045,0.45,0.0016822429906542056,0.313483427734375
AMZN,256.9700012207031,270.0,0.9517407452618635,0.02,0.3447429966448679,0.045,0.27,0.001,0.3217841259765625
AMZN,256.9700012207031,272.5,0.9430091787915711,0.02,0.3447429966448679,0.045,0.16,0.0005871559633027524,0.331061376953125
AMZN,256.9700012207031,275.0,0.9344363680752841,0.02,0.3447429966448679,0.045,0.095,0.00034545454545454544,0.33789724609375
AMZN,256.9700012207031,277.5,0.9260180224169482,0.02,0.3447429966448679,0.045,0.055,0.0001981981981981982,0.34766277343749996
AMZN,256.9700012207031,280.0,0.917750004359654,0.02,0.3447429966448679,0.045,0.035,0.000125,0.35938140625
AMZN,256.9700012207031,282.5,0.9096283229051438,0.02,0.3447429966448679,0.045,0.025,8.849557522123894e-05,0.3789124609375
AMZN,256.9700012207031,285.0,0.9016491270901864,0.02,0.3447429966448679,0.045,0.015,5.263157894736842e-05,0.39063109375
AMZN,256.9700012207031,200.0,1.2848500061035155,0.02,0.3447429966448679,0.045,57.075,0.285375,0.8027363476562499
AMZN,256.9700012207031,210.0,1.2236666724795386,0.02,0.3447429966448679,0.045,47.7,0.22714285714285715,0.9248054394531251
AMZN,256.9700012207031,220.0,1.168045460094105,0.02,0.3447429966448679,0.045,37.125,0.16875,0.559574716796875
AMZN,256.9700012207031,230.0,1.1172608748726223,0.02,0.3447429966448679,0.045,27.0,0.11739130434782609,0.7412135253906249
AMZN,256.9700012207031,240.0,1.0707083384195963,0.02,0.3447429966448679,0.045,17.125,0.07135416666666666,0.524418818359375
AMZN,256.9700012207031,245.0,1.0488571478396045,0.02,0.3447429966448679,0.045,12.7,0.05183673469387755,0.3874572973632812
AMZN,256.9700012207031,250.0,1.0278800048828125,0.02,0.3447429966448679,0.045,8.225,0.0329,0.30664755859375
AMZN,256.9700012207031,255.0,1.0077254949831496,0.02,0.3447429966448679,0.045,4.775,0.018725490196078432,0.278327529296875
AMZN,256.9700012207031,260.0,0.9883461585411659,0.02,0.3447429966448679,0.045,2.41,0.00926923076923077,0.26856200195312496
AMZN,256.9700012207031,265.0,0.9696981178139741,0.02,0.3447429966448679,0.045,1.125,0.0042452830188679245,0.27808339111328123
AMZN,256.9700012207031,270.0,0.9517407452618635,0.02,0.3447429966448679,0.045,0.475,0.0017592592592592592,0.2876047802734374
AMZN,256.9700012207031,275.0,0.9344363680752841,0.02,0.3447429966448679,0.045,0.195,0.0007090909090909091,0.2924875439453124
AMZN,256.9700012207031,280.0,0.917750004359654,0.02,0.3447429966448679,0.045,0.09,0.0003214285714285714,0.31055376953124997
AMZN,256.9700012207031,285.0,0.9016491270901864,0.02,0.3447429966448679,0.045,0.05,0.00017543859649122808,0.34570966796874997
AMZN,256.9700012207031,290.0,0.8861034524851832,0.02,0.3447429966448679,0.045,0.025,8.620689655172414e-05,0.367193828125
AMZN,256.9700012207031,220.0,1.168045460094105,0.02,0.3447429966448679,0.045,37.25,0.1693181818181818,0.5449264257812501
AMZN,256.9700012207031,225.0,1.1420888943142362,0.02,0.3447429966448679,0.045,31.675,0.14077777777777778,0.6369665209960937
GOOGL,338.3599853515625,265.0,1.2768301334021226,0.02,0.3151126106198385,0.045,73.35,0.27679245283018866,2.381839982910156
GOOGL,338.3599853515625,270.0,1.253185130931713,0.02,0.3151126106198385,0.045,68.275,0.2528703703703704,2.194828731689453
GOOGL,338.3599853515625,280.0,1.2084285191127233,0.02,0.3151126106198385,0.045,58.425,0.20866071428571428,1.0625046875000002
GOOGL,338.3599853515625,285.0,1.1872280187774122,0.02,0.3151126106198385,0.045,53.45,0.18754385964912282,1.015629921875
GOOGL,338.3599853515625,290.0,1.1667585701778018,0.02,0.3151126106198385,0.045,48.5,0.16724137931034483,0.98242205078125
GOOGL,338.3599853515625,295.0,1.1469830011917372,0.02,0.3151126106198385,0.045,43.425,0.14720338983050846,0.79883013671875
GOOGL,338.3599853515625,300.0,1.1278666178385417,0.02,0.3151126106198385,0.045,38.25,0.1275,1.3322787292480465
GOOGL,338.3599853515625,305.0,1.109377001152664,0.02,0.3151126106198385,0.045,33.575,0.11008196721311476,0.7509790527343749
GOOGL,338.3599853515625,310.0,1.0914838237147177,0.02,0.3151126106198385,0.045,28.275,0.09120967741935483,1.0698288696289064
GOOGL,338.3599853515625,315.0,1.074158683655754,0.02,0.3151126106198385,0.045,23.7,0.07523809523809523,0.6044961425781252
GOOGL,338.3599853515625,320.0,1.0573749542236328,0.02,0.3151126106198385,0.045,18.875,0.058984375,0.5473678076171876
GOOGL,338.3599853515625,325.0,1.041107647235577,0.02,0.3151126106198385,0.045,13.25,0.040769230769230766,0.43506424316406256
GOOGL,338.3599853515625,330.0,1.025333288944129,0.02,0.3151126106198385,0.045,8.575,0.025984848484848482,0.3283758569335937
GOOGL,338.3599853515625,335.0,1.0100298070195894,0.02,0.3151126106198385,0.045,4.225,0.012611940298507462,0.24195093994140626
GOOGL,338.3599853515625,337.5,1.0025481047453704,0.02,0.3151126106198385,0.045,2.66,0.007881481481481482,0.22779092529296874
GOOGL,338.3599853515625,340.0,0.9951764275045956,0.02,0.3151126106198385,0.045,1.52,0.004470588235294118,0.22827920166015625
GOOGL,338.3599853515625,342.5,0.9879123659899635,0.02,0.3151126106198385,0.045,0.8300000000000001,0.0024233576642335767,0.23657989990234374
GOOGL,338.3599853515625,345.0,0.9807535807291666,0.02,0.3151126106198385,0.045,0.41000000000000003,0.0011884057971014493,0.24146266357421875
GOOGL,338.3599853515625,347.5,0.9736977995728417,0.02,0.3151126106198385,0.045,0.21000000000000002,0.00060431654676259,0.25196060546875
GOOGL,338.3599853515625,350.0,0.9667428152901786,0.02,0.3151126106198385,0.045,0.10500000000000001,0.00030000000000000003,0.2622144091796875
GOOGL,338.3599853515625,352.5,0.959886483266844,0.02,0.3151126106198385,0.045,0.065,0.0001843971631205674,0.3007882421875
GOOGL,338.3599853515625,355.0,0.953126719300176,0.02,0.3151126106198385,0.045,0.02,5.6338028169014086e-05,0.28711650390624993
GOOGL,338.3599853515625,357.5,0.9464614974868881,0.02,0.3151126106198385,0.045,0.02,5.5944055944055945e-05,0.32227240234374993
GOOGL,338.3599853515625,265.0,1.2768301334021226,0.02,0.3151126106198385,0.045,73.55,0.27754716981132077,1.083988955078125
GOOGL,338.3599853515625,270.0,1.253185130931713,0.02,0.3151126106198385,0.045,68.475,0.25361111111111106,0.9433599414062499
GOOGL,338.3599853515625,275.0,1.2303999467329545,0.02,0.3151126106198385,0.045,63.574999999999996,0.23118181818181816,0.9570316796874999
GOOGL,338.3599853515625,280.0,1.2084285191127233,0.02,0.3151126106198385,0.045,58.474999999999994,0.2088392857142857,0.8085956640624999
GOOGL,338.3599853515625,285.0,1.1872280187774122,0.02,0.3151126106198385,0.045,53.575,0.1879824561403509,0.813478427734375
GOOGL,338.3599853515625,290.0,1.1667585701778018,0.02,0.3151126106198385,0.045,48.575,0.1675,0.7421900781249999
GOOGL,338.3599853515625,295.0,1.1469830011917372,0.02,0.3151126106198385,0.045,43.525,0.14754237288135594,0.6435582519531251
GOOGL,338.3599853515625,300.0,1.1278666178385417,0.02,0.3151126106198385,0.045,38.5,0.12833333333333333,0.561527822265625
GOOGL,338.3599853515625,305.0,1.109377001152664,0.02,0.3151126106198385,0.045,33.675,0.11040983606557377,0.5688519677734375
GOOGL,338.3599853515625,310.0,1.0914838237147177,0.02,0.3151126106198385,0.045,28.65,0.09241935483870967,0.8273943041992187
GOOGL,338.3599853515625,315.0,1.074158683655754,0.02,0.3151126106198385,0.045,23.674999999999997,0.07515873015873015,0.7238797143554687
GOOGL,338.3599853515625,317.5,1.0657007412647639,0.02,0.3151126106198385,0.045,21.1,0.06645669291338584,0.6489292919921875
GOOGL,338.3599853515625,320.0,1.0573749542236328,0.02,0.3151126106198385,0.045,18.7,0.058437499999999996,0.44873598144531246
GOOGL,338.3599853515625,322.5,1.0491782491521318,0.02,0.3151126106198385,0.045,16.3,0.05054263565891473,0.40332627929687503
GOOGL,338.3599853515625,325.0,1.041107647235577,0.02,0.3151126106198385,0.045,13.975000000000001,0.043000000000000003,0.375982802734375
GOOGL,338.3599853515625,327.5,1.033160260615458,0.02,0.3151126106198385,0.045,11.75,0.03587786259541985,0.35986968261718744
GOOGL,338.3599853515625,330.0,1.025333288944129,0.02,0.3151126106198385,0.045,9.575,0.029015151515151515,0.3259344750976562
GOOGL,338.3599853515625,332.5,1.0176240160949248,0.02,0.3151126106198385,0.045,7.65,0.023007518796992484,0.3110420458984374
GOOGL,338.3599853515625,335.0,1.0100298070195894,0.02,0.3151126106198385,0.045,6.0,0.01791044776119403,0.30676962768554683
GOOGL,338.3599853515625,337.5,1.0025481047453704,0.02,0.3151126106198385,0.045,4.550000000000001,0.013481481481481483,0.29798065307617183
GOOGL,338.3599853515625,340.0,0.9951764275045956,0.02,0.3151126106198385,0.045,3.3499999999999996,0.009852941176470587,0.29431858032226554
GOOGL,338.3599853515625,342.5,0.9879123659899635,0.02,0.3151126106198385,0.045,2.365,0.006905109489051095,0.29383030395507803
GOOGL,338.3599853515625,345.0,0.9807535807291666,0.02,0.3151126106198385,0.045,1.645,0.004768115942028986,0.2970041003417968
GOOGL,338.3599853515625,347.5,0.9736977995728417,0.02,0.3151126106198385,0.045,1.035,0.00297841726618705,0.3012765185546875
GOOGL,338.3599853515625,350.0,0.9667428152901786,0.02,0.3151126106198385,0.045,0.785,0.002242857142857143,0.30298548583984375
GOOGL,338.3599853515625,352.5,0.959886483266844,0.02,0.3151126106198385,0.045,0.53,0.0015035460992907802,0.309577216796875
GOOGL,338.3599853515625,355.0,0.953126719300176,0.02,0.3151126106198385,0.045,0.36,0.0010140845070422534,0.31690136230468746
GOOGL,338.3599853515625,357.5,0.9464614974868881,0.02,0.3151126106198385,0.045,0.26,0.0007272727272727273,0.3315496533203125
GOOGL,338.3599853515625,360.0,0.9398888481987847,0.02,0.3151126106198385,0.045,0.18,0.0005,0.334967587890625
GOOGL,338.3599853515625,362.5,0.9334068561422414,0.02,0.3151126106198385,0.045,0.135,0.0003724137931034483,0.3505924316406249
GOOGL,338.3599853515625,365.0,0.9270136584974316,0.02,0.3151126106198385,0.045,0.1,0.00027397260273972606,0.36035795898437495
GOOGL,338.3599853515625,367.5,0.9207074431335034,0.02,0.3151126106198385,0.045,0.08,0.00021768707482993198,0.38184211914062494
GOOGL,338.3599853515625,370.0,0.9144864468961149,0.02,0.3151126106198385,0.045,0.060000000000000005,0.00016216216216216218,0.38867798828125
GOOGL,338.3599853515625,375.0,0.9022932942708334,0.02,0.3151126106198385,0.045,0.045,0.00011999999999999999,0.41797457031249996
GOOGL,338.3599853515625,380.0,0.8904210140830592,0.02,0.3151126106198385,0.045,0.025,6.578947368421052e-05,0.437505625
GOOGL,338.3599853515625,385.0,0.8788571048092533,0.02,0.3151126106198385,0.045,0.02,5.194805194805195e-05,0.4804739453125
GOOGL,338.3599853515625,390.0,0.8675897060296475,0.02,0.3151126106198385,0.045,0.02,5.1282051282051286e-05,0.500005
GOOGL,338.3599853515625,395.0,0.856607557852057,0.02,0.3151126106198385,0.045,0.015,3.797468354430379e-05,0.523442265625
GOOGL,338.3599853515625,400.0,0.8458999633789063,0.02,0.3151126106198385,0.045,0.015,3.75e-05,0.5625043750000001
GOOGL,338.3599853515625,405.0,0.8354567539544753,0.02,0.3151126106198385,0.045,0.02,4.938271604938272e-05,0.6171913281250001
GOOGL,338.3599853515625,410.0,0.8252682569550305,0.02,0.3151126106198385,0.045,0.04,9.75609756097561e-05,0.7050810742187501
GOOGL,338.3599853515625,280.0,1.2084285191127233,0.02,0.3151126106198385,0.045,58.599999999999994,0.20928571428571427,0.6801789794921876
GOOGL,338.3599853515625,300.0,1.1278666178385417,0.02,0.3151126106198385,0.045,38.625,0.12875,0.7794211511230469
GOOGL,338.3599853515625,305.0,1.109377001152664,0.02,0.3151126106198385,0.045,33.625,0.11024590163934427,0.6977569287109376
GOOGL,338.3599853515625,310.0,1.0914838237147177,0.02,0.3151126106198385,0.045,28.65,0.09241935483870967,0.6208534008789064
GOOGL,338.3599853515625,315.0,1.074158683655754,0.02,0.3151126106198385,0.045,23.8,0.07555555555555556,0.5428512512207033
GOOGL,338.3599853515625,320.0,1.0573749542236328,0.02,0.3151126106198385,0.045,19.35,0.06046875,0.4631401342773438
META,613.47998046875,475.0,1.2915368009868422,0.02,0.38995232633268,0.045,138.175,0.29089473684210526,2.5600621936035153
META,613.47998046875,480.0,1.278083292643229,0.02,0.38995232633268,0.045,133.25,0.27760416666666665,2.5307653918457027
META,613.47998046875,485.0,1.2649071762242268,0.02,0.38995232633268,0.045,128.4,0.2647422680412371,2.448246066894531
META,613.47998046875,490.0,1.251999960140306,0.02,0.38995232633268,0.045,123.275,0.2515816326530612,2.366215021972656
META,613.47998046875,495.0,1.2393534958964647,0.02,0.38995232633268,0.045,118.4,0.2391919191919192,2.284672257080078
META,613.47998046875,500.0,1.2269599609375,0.02,0.38995232633268,0.045,113.3,0.2266,2.2031294921874993
META,613.47998046875,505.0,1.2148118425123762,0.02,0.38995232633268,0.045,108.025,0.21391089108910893,2.1091355865478514
META,613.47998046875,510.0,1.202901922487745,0.02,0.38995232633268,0.045,103.6,0.20313725490196077,1.0429735351562504
META,613.47998046875,512.5,1.1970341082317073,0.02,0.38995232633268,0.045,100.875,0.19682926829268294,2.0327197619628907
META,613.47998046875,515.0,1.1912232630461166,0.02,0.38995232633268,0.045,98.4,0.19106796116504857,1.9611818347167969
META,613.47998046875,517.5,1.1854685612922706,0.02,0.38995232633268,0.045,96.0,0.1855072463768116,0.79687703125
META,613.47998046875,520.0,1.1797691932091345,0.02,0.38995232633268,0.045,94.19999999999999,0.18115384615384614,1.2343788281249999
META,613.47998046875,522.5,1.174124364533493,0.02,0.38995232633268,0.045,90.675,0.17354066985645933,1.6943374658203125
META,613.47998046875,525.0,1.1685332961309525,0.02,0.38995232633268,0.045,88.55,0.16866666666666666,0.8398453515625
META,613.47998046875,527.5,1.1629952236374408,0.02,0.38995232633268,0.045,86.07499999999999,0.16317535545023695,0.8476577734374999
META,613.47998046875,530.0,1.157509397110849,0.02,0.38995232633268,0.045,83.975,0.1584433962264151,1.0434618139648442
META,613.47998046875,532.5,1.1520750806924882,0.02,0.38995232633268,0.045,81.45,0.15295774647887325,1.0063526245117185
META,613.47998046875,535.0,1.1466915522780374,0.02,0.38995232633268,0.045,79.125,0.14789719626168224,1.0341845166015626
META,613.47998046875,537.5,1.1413581031976745,0.02,0.38995232633268,0.045,76.625,0.14255813953488372,1.0048877880859375
META,613.47998046875,540.0,1.1360740379050926,0.02,0.38995232633268,0.045,73.55,0.1362037037037037,0.70312796875
META,613.47998046875,542.5,1.1308386736751153,0.02,0.38995232633268,0.045,71.675,0.13211981566820277,0.9599613378906249
META,613.47998046875,545.0,1.125651340309633,0.02,0.38995232633268,0.045,68.775,0.12619266055045872,0.8012715185546875
META,613.47998046875,547.5,1.1205113798515982,0.02,0.38995232633268,0.045,65.85,0.12027397260273971,1.3149448315429684
META,613.47998046875,550.0,1.1154181463068182,0.02,0.38995232633268,0.045,63.425,0.11531818181818182,1.12109814453125
META,613.47998046875,552.5,1.1103710053733031,0.02,0.38995232633268,0.045,61.724999999999994,0.11171945701357465,0.8530288134765626
META,613.47998046875,555.0,1.1053693341779278,0.02,0.38995232633268,0.045,58.225,0.10490990990990991,1.2436561254882812
META,613.47998046875,557.5,1.1004125210201794,0.02,0.38995232633268,0.045,56.875,0.10201793721973094,0.8247087841796874
META,613.47998046875,560.0,1.095499965122768,0.02,0.38995232633268,0.045,54.125,0.09665178571428572,0.7412135253906249
META,613.47998046875,562.5,1.090631076388889,0.02,0.38995232633268,0.045,51.65,0.09182222222222222,0.7175321215820312
META,613.47998046875,565.0,1.0858052751659293,0.02,0.38995232633268,0.045,49.3,0.08725663716814158,0.7180203979492188
META,613.47998046875,567.5,1.0810219920154185,0.02,0.38995232633268,0.045,46.650000000000006,0.08220264317180617,0.65820654296875
META,613.47998046875,570.0,1.076280667489035,0.02,0.38995232633268,0.045,44.45,0.07798245614035088,0.6826203613281252
META,613.47998046875,572.5,1.0715807519104803,0.02,0.38995232633268,0.045,42.05,0.07344978165938865,0.6665072412109377
META,613.47998046875,575.0,1.0669217051630435,0.02,0.38995232633268,0.045,39.8,0.06921739130434783,0.6694368994140626
META,613.47998046875,577.5,1.062302996482684,0.02,0.38995232633268,0.045,37.25,0.0645021645021645,0.6293982373046876
META,613.47998046875,580.0,1.0577241042564656,0.02,0.38995232633268,0.045,33.55,0.05784482758620689,0.5959513061523438
META,613.47998046875,582.5,1.0531845158261803,0.02,0.38995232633268,0.045,31.4,0.05390557939914163,0.5800823242187501
META,613.47998046875,585.0,1.0486837272970086,0.02,0.38995232633268,0.045,28.625,0.04893162393162393,0.43897045410156255
META,613.47998046875,587.5,1.0442212433510638,0.02,0.38995232633268,0.045,26.225,0.04463829787234043,0.40015248291015626
META,613.47998046875,590.0,1.039796577065678,0.02,0.38995232633268,0.045,23.799999999999997,0.04033898305084745,0.3845276391601562
META,613.47998046875,592.5,1.035409249736287,0.02,0.38995232633268,0.045,21.45,0.03620253164556962,0.366217275390625
META,613.47998046875,595.0,1.0310587907037816,0.02,0.38995232633268,0.045,19.15,0.03218487394957983,0.3562076098632812
META,613.47998046875,597.5,1.0267447371861924,0.02,0.38995232633268,0.045,16.9,0.02828451882845188,0.3508365698242187
META,613.47998046875,600.0,1.0224666341145834,0.02,0.38995232633268,0.045,14.75,0.024583333333333332,0.3305731005859375
META,613.47998046875,602.5,1.018224033973029,0.02,0.38995232633268,0.045,12.7,0.02107883817427386,0.3215399877929687
META,613.47998046875,605.0,1.014016496642562,0.02,0.38995232633268,0.045,10.825,0.017892561983471073,0.31909860595703116
META,613.47998046875,607.5,1.0098435892489712,0.02,0.38995232633268,0.045,9.125,0.015020576131687243,0.32031929687499994
META,613.47998046875,610.0,1.0057048860143443,0.02,0.38995232633268,0.045,7.575,0.012418032786885247,0.3178779150390625
META,613.47998046875,612.5,1.001599968112245,0.02,0.38995232633268,0.045,6.225,0.010163265306122448,0.32019722778320303
META,613.47998046875,615.0,0.9975284235264228,0.02,0.38995232633268,0.045,5.1,0.008292682926829267,0.324103438720703
META,613.47998046875,617.5,0.9934898469129555,0.02,0.38995232633268,0.045,4.1,0.0066396761133603235,0.32996275512695306
META,613.47998046875,620.0,0.9894838394657258,0.02,0.38995232633268,0.045,3.275,0.005282258064516129,0.32971861694335935
META,613.47998046875,622.5,0.9855100087851406,0.02,0.38995232633268,0.045,2.585,0.004152610441767068,0.3354558642578125
META,613.47998046875,625.0,0.98156796875,0.02,0.38995232633268,0.045,2.0599999999999996,0.0032959999999999995,0.34058276611328125
META,613.47998046875,627.5,0.9776573393924303,0.02,0.38995232633268,0.045,1.595,0.002541832669322709,0.34534346069335936
META,613.47998046875,630.0,0.9737777467757937,0.02,0.38995232633268,0.045,1.23,0.0019523809523809524,0.34839518798828123
META,613.47998046875,632.5,0.9699288228754941,0.02,0.38995232633268,0.045,0.965,0.001525691699604743,0.3537662280273437
META,613.47998046875,635.0,0.9661102054625984,0.02,0.38995232633268,0.045,0.735,0.0011574803149606299,0.3579165771484375
META,613.47998046875,637.5,0.962321537990196,0.02,0.38995232633268,0.045,0.5700000000000001,0.0008941176470588237,0.3632876171875
META,613.47998046875,640.0,0.9585624694824219,0.02,0.38995232633268,0.045,0.445,0.0006953125,0.36939107177734376
META,613.47998046875,642.5,0.95483265442607,0.02,0.38995232633268,0.045,0.345,0.0005369649805447471,0.379889013671875
META,613.47998046875,645.0,0.9511317526647287,0.02,0.38995232633268,0.045,0.265,0.0004108527131782946,0.383795224609375
META,613.47998046875,647.5,0.9474594292953668,0.02,0.38995232633268,0.045,0.21000000000000002,0.00032432432432432436,0.393560751953125
META,613.47998046875,650.0,0.9438153545673077,0.02,0.38995232633268,0.045,0.16999999999999998,0.0002615384615384615,0.39990834472656256
META,613.47998046875,652.5,0.940199203783525,0.02,0.38995232633268,0.045,0.135,0.00020689655172413795,0.4101621484375
META,613.47998046875,655.0,0.9366106572041984,0.02,0.38995232633268,0.045,0.10500000000000001,0.0001603053435114504,0.42188078125
META,613.47998046875,657.5,0.9330493999524715,0.02,0.38995232633268,0.045,0.085,0.00012927756653992396,0.42676354492187507
META,613.47998046875,660.0,0.9295151219223485,0.02,0.38995232633268,0.045,0.065,9.848484848484849e-05,0.4335994140625
META,613.47998046875,662.5,0.9260075176886793,0.02,0.38995232633268,0.045,0.07,0.00010566037735849058,0.459966337890625
META,613.47998046875,665.0,0.9225262864191729,0.02,0.38995232633268,0.045,0.06,9.022556390977444e-05,0.47949739257812496
TSLA,368.1600036621094,290.0,1.2695172540072737,0.02,0.4763268958362084,0.045,78.1,0.2693103448275862,1.7197279638671876
TSLA,368.1600036621094,295.0,1.24800001241393,0.02,0.4763268958362084,0.045,72.975,0.2473728813559322,1.6142597412109376
TSLA,368.1600036621094,300.0,1.2272000122070312,0.02,0.4763268958362084,0.045,68.1,0.22699999999999998,1.5107446337890624
TSLA,368.1600036621094,305.0,1.2070819792200307,0.02,0.4763268958362084,0.045,62.974999999999994,0.20647540983606555,1.4072295263671877
TSLA,368.1600036621094,307.5,1.1972683045922257,0.02,0.4763268958362084,0.045,60.474999999999994,0.19666666666666666,1.3564485302734375
TSLA,368.1600036621094,310.0,1.1876129150390624,0.02,0.4763268958362084,0.045,58.099999999999994,0.18741935483870967,1.3046909765624997
TSLA,368.1600036621094,315.0,1.1687619163876488,0.02,0.4763268958362084,0.045,52.974999999999994,0.16817460317460314,1.203128984375
TSLA,368.1600036621094,317.5,1.159559066652313,0.02,0.4763268958362084,0.045,51.224999999999994,0.16133858267716533,1.1850626684570313
TSLA,368.1600036621094,320.0,1.1505000114440918,0.02,0.4763268958362084,0.045,48.150000000000006,0.15046875,0.9355475195312499
TSLA,368.1600036621094,322.5,1.1415814067042152,0.02,0.4763268958362084,0.045,45.650000000000006,0.14155038759689925,0.8916026464843749
TSLA,368.1600036621094,325.0,1.1328000112680288,0.02,0.4763268958362084,0.045,43.175,0.13284615384615384,0.6171913281250001
TSLA,368.1600036621094,327.5,1.1241526829377386,0.02,0.4763268958362084,0.045,40.675,0.12419847328244274,0.57812921875
TSLA,368.1600036621094,330.0,1.1156363747336648,0.02,0.4763268958362084,0.045,38.900000000000006,0.1178787878787879,0.9838868798828125
TSLA,368.1600036621094,332.5,1.1072481313146147,0.02,0.4763268958362084,0.045,35.7,0.10736842105263159,0.5722699023437501
TSLA,368.1600036621094,335.0,1.0989850855585355,0.02,0.4763268958362084,0.045,33.2,0.0991044776119403,0.5351608984375
TSLA,368.1600036621094,337.5,1.0908444552951388,0.02,0.4763268958362084,0.045,30.7,0.09096296296296297,0.6738313867187502
TSLA,368.1600036621094,340.0,1.0828235401826747,0.02,0.4763268958362084,0.045,28.2,0.08294117647058823,0.6269568554687501
TSLA,368.1600036621094,342.5,1.0749197187214872,0.02,0.4763268958362084,0.045,26.475,0.0772992700729927,0.7319362744140624
TSLA,368.1600036621094,345.0,1.0671304453974184,0.02,0.4763268958362084,0.045,23.95,0.06942028985507247,0.6704134521484376
TSLA,368.1600036621094,347.5,1.0594532479485161,0.02,0.4763268958362084,0.045,20.75,0.05971223021582734,0.5009815527343751
TSLA,368.1600036621094,350.0,1.051885724748884,0.02,0.4763268958362084,0.045,18.325000000000003,0.052357142857142866,0.46533737792968755
TSLA,368.1600036621094,352.5,1.0444255423038564,0.02,0.4763268958362084,0.045,15.850000000000001,0.0449645390070922,0.414068359375
TSLA,368.1600036621094,355.0,1.0370704328510123,0.02,0.4763268958362084,0.045,14.225000000000001,0.04007042253521127,0.6162147753906251
TSLA,368.1600036621094,357.5,1.0298181920618443,0.02,0.4763268958362084,0.045,11.25,0.03146853146853147,0.37354142089843745
TSLA,368.1600036621094,360.0,1.0226666768391928,0.02,0.4763268958362084,0.045,8.575,0.02381944444444444,0.3540103662109374
TSLA,368.1600036621094,362.5,1.015613803205819,0.02,0.4763268958362084,0.045,7.025,0.019379310344827587,0.33179379150390625
TSLA,368.1600036621094,365.0,1.0086575442797516,0.02,0.4763268958362084,0.045,5.35,0.014657534246575342,0.3327703442382813
TSLA,368.1600036621094,367.5,1.0017959283322704,0.02,0.4763268958362084,0.045,3.875,0.01054421768707483,0.3324041369628906
TSLA,368.1600036621094,370.0,0.9950270369246199,0.02,0.4763268958362084,0.045,2.7649999999999997,0.007472972972972972,0.3327703442382813
TSLA,368.1600036621094,372.5,0.9883490031197567,0.02,0.4763268958362084,0.045,1.915,0.0051409395973154364,0.3386296606445312
TSLA,368.1600036621094,375.0,0.981760009765625,0.02,0.4763268958362084,0.045,1.29,0.00344,0.34400070068359373
TSLA,368.1600036621094,377.5,0.9752582878466474,0.02,0.4763268958362084,0.045,0.855,0.0022649006622516557,0.35205726074218746
TSLA,368.1600036621094,380.0,0.9688421149002878,0.02,0.4763268958362084,0.045,0.56,0.0014736842105263158,0.35938140625
TSLA,368.1600036621094,382.5,0.9625098134957107,0.02,0.4763268958362084,0.045,0.365,0.0009542483660130718,0.367193828125
TSLA,368.1600036621094,385.0,0.9562597497717127,0.02,0.4763268958362084,0.045,0.245,0.0006363636363636363,0.3794007373046875
TSLA,368.1600036621094,387.5,0.95009033203125,0.02,0.4763268958362084,0.045,0.165,0.00042580645161290325,0.39160764648437496
TSLA,368.1600036621094,390.0,0.944000009390024,0.02,0.4763268958362084,0.045,0.125,0.0003205128205128205,0.411138701171875
TSLA,368.1600036621094,392.5,0.9379872704767118,0.02,0.4763268958362084,0.045,0.095,0.00024203821656050954,0.42969320312500003
TSLA,368.1600036621094,395.0,0.9320506421825554,0.02,0.4763268958362084,0.045,0.07500000000000001,0.000189873417721519,0.45117736328125
TSLA,368.1600036621094,397.5,0.9261886884581368,0.02,0.4763268958362084,0.045,0.065,0.00016352201257861635,0.47461462890625
TSLA,368.1600036621094,400.0,0.9204000091552734,0.02,0.4763268958362084,0.045,0.055,0.0001375,0.49805189453125004
TSLA,368.1600036621094,402.5,0.9146832389120729,0.02,0.4763268958362084,0.045,0.05,0.00012422360248447205,0.51758294921875
TSLA,368.1600036621094,405.0,0.9090370460792824,0.02,0.4763268958362084,0.045,0.045,0.0001111111111111111,0.5429733203125001
TSLA,368.1600036621094,407.5,0.903460131686158,0.02,0.4763268958362084,0.045,0.04,9.815950920245399e-05,0.5625043750000001
TSLA,368.1600036621094,410.0,0.8979512284441692,0.02,0.4763268958362084,0.045,0.035,8.53658536585366e-05,0.585941640625
TSLA,368.1600036621094,412.5,0.8925090997869318,0.02,0.4763268958362084,0.045,0.035,8.484848484848486e-05,0.6132851171875001
TSLA,368.1600036621094,415.0,0.8871325389448419,0.02,0.4763268958362084,0.045,0.03,7.228915662650602e-05,0.632816171875
TSLA,368.1600036621094,420.0,0.8765714372907366,0.02,0.4763268958362084,0.045,0.025,5.9523809523809524e-05,0.6718782812500002
TSLA,368.1600036621094,425.0,0.8662588321461397,0.02,0.4763268958362084,0.045,0.025,5.882352941176471e-05,0.726565234375
TSLA,368.1600036621094,430.0,0.8561860550281614,0.02,0.4763268958362084,0.045,0.025,5.8139534883720933e-05,0.7812521875
TSLA,368.1600036621094,435.0,0.8463448360048491,0.02,0.4763268958362084,0.045,0.02,4.597701149425287e-05,0.8125018749999999
TSLA,368.1600036621094,440.0,0.8367272810502486,0.02,0.4763268958362084,0.045,0.015,3.409090909090909e-05,0.8437515624999999
TSLA,368.1600036621094,445.0,0.8273258509260885,0.02,0.4763268958362084,0.045,0.030000000000000002,6.741573033707866e-05,0.945313046875
TSLA,368.1600036621094,450.0,0.8181333414713542,0.02,0.4763268958362084,0.045,0.015,3.3333333333333335e-05,0.937500625
TSLA,368.1600036621094,285.0,1.2917894865337172,0.02,0.4763268958362084,0.045,83.2,0.29192982456140354,0.9257819921875
TSLA,368.1600036621094,290.0,1.2695172540072737,0.02,0.4763268958362084,0.045,78.2,0.2696551724137931,0.867188828125
TSLA,368.1600036621094,295.0,1.24800001241393,0.02,0.4763268958362084,0.045,73.25,0.2483050847457627,0.8906260937499999
TSLA,368.1600036621094,297.5,1.2375126173516282,0.02,0.4763268958362084,0.045,70.725,0.23773109243697477,0.8281267187499999
TSLA,368.1600036621094,300.0,1.2272000122070312,0.02,0.4763268958362084,0.045,68.325,0.22775,0.9003916210937499
TSLA,368.1600036621094,302.5,1.2170578633458162,0.02,0.4763268958362084,0.045,65.75,0.21735537190082643,0.8007832421875
TSLA,368.1600036621094,305.0,1.2070819792200307,0.02,0.4763268958362084,0.045,63.175,0.2071311475409836,0.632816171875
TSLA,368.1600036621094,310.0,1.1876129150390624,0.02,0.4763268958362084,0.045,58.35,0.1882258064516129,0.789064609375
TSLA,368.1600036621094,312.5,1.17811201171875,0.02,0.4763268958362084,0.045,55.6,0.17792,1.2819860119628905
TSLA,368.1600036621094,315.0,1.1687619163876488,0.02,0.4763268958362084,0.045,54.15,0.1719047619047619,0.9829103271484375
TSLA,368.1600036621094,317.5,1.159559066652313,0.02,0.4763268958362084,0.045,50.775,0.15992125984251968,0.6445348046875
TSLA,368.1600036621094,320.0,1.1505000114440918,0.02,0.4763268958362084,0.045,48.474999999999994,0.15148437499999998,0.7187528125
TSLA,368.1600036621094,322.5,1.1415814067042152,0.02,0.4763268958362084,0.045,45.875,0.14224806201550388,0.6425816992187501
TSLA,368.1600036621094,325.0,1.1328000112680288,0.02,0.4763268958362084,0.045,43.400000000000006,0.13353846153846155,0.622074091796875
TSLA,368.1600036621094,327.5,1.1241526829377386,0.02,0.4763268958362084,0.045,40.925,0.12496183206106869,0.5996133789062501
TSLA,368.1600036621094,330.0,1.1156363747336648,0.02,0.4763268958362084,0.045,38.05,0.1153030303030303,0.6499058447265625
JPM,353.510009765625,280.0,1.2625357491629465,0.02,0.2216357391745081,0.045,74.32499999999999,0.2654464285714285,1.3183627832031248
JPM,353.510009765625,285.0,1.2403859991776316,0.02,0.2216357391745081,0.045,73.5,0.2578947368421053,1.9699708532714846
JPM,353.510009765625,300.0,1.17836669921875,0.02,0.2216357391745081,0.045,54.125,0.18041666666666667,0.9345709667968749
JPM,353.510009765625,310.0,1.1403548702116935,0.02,0.2216357391745081,0.045,44.150000000000006,0.14241935483870968,0.7861349511718749
JPM,353.510009765625,315.0,1.1222539992559524,0.02,0.2216357391745081,0.045,39.325,0.12484126984126985,0.7480493945312501
JPM,353.510009765625,320.0,1.1047187805175782,0.02,0.2216357391745081,0.045,34.175,0.10679687499999999,0.6367223828125
JPM,353.510009765625,325.0,1.087723106971154,0.02,0.2216357391745081,0.045,29.25,0.09,0.5725140405273439
JPM,353.510009765625,330.0,1.0712424538352272,0.02,0.2216357391745081,0.045,24.3,0.07363636363636364,0.5002491381835938
JPM,353.510009765625,332.5,1.0631879992951128,0.02,0.2216357391745081,0.045,21.875,0.06578947368421052,0.6286658227539064
JPM,353.510009765625,335.0,1.055253760494403,0.02,0.2216357391745081,0.045,18.875,0.05634328358208955,0.4777884252929688
JPM,353.510009765625,340.0,1.0397353228400736,0.02,0.2216357391745081,0.045,13.75,0.04044117647058824,0.3794007373046875
JPM,353.510009765625,342.5,1.0321460139142336,0.02,0.2216357391745081,0.045,11.5,0.033576642335766425,0.336920693359375
JPM,353.510009765625,345.0,1.024666694972826,0.02,0.2216357391745081,0.045,9.425,0.02731884057971015,0.3327703442382813
JPM,353.510009765625,347.5,1.017294992131295,0.02,0.2216357391745081,0.045,7.3,0.021007194244604316,0.2971261694335937
JPM,353.510009765625,350.0,1.010028599330357,0.02,0.2216357391745081,0.045,5.525,0.01578571428571429,0.2651440673828125
JPM,353.510009765625,352.5,1.0028652759308512,0.02,0.2216357391745081,0.045,3.85,0.010921985815602837,0.24573508178710937
JPM,353.510009765625,355.0,0.9958028444102113,0.02,0.2216357391745081,0.045,2.605,0.007338028169014085,0.2362136926269531
JPM,353.510009765625,357.5,0.9888391881555944,0.02,0.2216357391745081,0.045,1.675,0.0046853146853146855,0.2304764453125
JPM,353.510009765625,360.0,0.9819722493489583,0.02,0.2216357391745081,0.045,0.9750000000000001,0.0027083333333333334,0.22315229980468748
JPM,353.510009765625,362.5,0.9752000269396551,0.02,0.2216357391745081,0.045,0.5700000000000001,0.0015724137931034485,0.2309647216796875
JPM,353.510009765625,365.0,0.9685205747003425,0.02,0.2216357391745081,0.045,0.29000000000000004,0.0007945205479452055,0.22510540527343748
JPM,353.510009765625,367.5,0.9619319993622449,0.02,0.2216357391745081,0.045,0.125,0.0003401360544217687,0.22852333984375
JPM,353.510009765625,370.0,0.9554324588260135,0.02,0.2216357391745081,0.045,0.1,0.0002702702702702703,0.25391371093750004
JPM,353.510009765625,372.5,0.9490201604446309,0.02,0.2216357391745081,0.045,0.055,0.0001476510067114094,0.25879647460937505
JPM,353.510009765625,275.0,1.2854909446022726,0.024657534246575342,0.2216357391745081,0.045,79.35,0.28854545454545455,0.850587431640625
JPM,353.510009765625,280.0,1.2625357491629465,0.024657534246575342,0.2216357391745081,0.045,74.525,0.2661607142857143,0.831056376953125
JPM,353.510009765625,285.0,1.2403859991776316,0.024657534246575342,0.2216357391745081,0.045,73.825,0.25903508771929823,1.2133828393554684
JPM,353.510009765625,290.0,1.219000033674569,0.024657534246575342,0.2216357391745081,0.045,64.5,0.22241379310344828,0.7241238525390624
JPM,353.510009765625,295.0,1.198339016154661,0.024657534246575342,0.2216357391745081,0.045,59.6,0.20203389830508475,0.6877472631835939
JPM,353.510009765625,300.0,1.17836669921875,0.024657534246575342,0.2216357391745081,0.045,54.15,0.1805,0.5678754150390625
JPM,353.510009765625,305.0,1.1590492123463114,0.024657534246575342,0.2216357391745081,0.045,49.400000000000006,0.16196721311475412,0.5590864404296876
JPM,353.510009765625,310.0,1.1403548702116935,0.024657534246575342,0.2216357391745081,0.045,44.175,0.1425,0.6035195898437502
JPM,353.510009765625,315.0,1.1222539992559524,0.024657534246575342,0.2216357391745081,0.045,39.125,0.12420634920634921,0.5528609167480469
JPM,353.510009765625,320.0,1.1047187805175782,0.024657534246575342,0.2216357391745081,0.045,34.525,0.10789062499999999,0.53320779296875
JPM,353.510009765625,325.0,1.087723106971154,0.024657534246575342,0.2216357391745081,0.045,29.55,0.09092307692307693,0.45654840332031255
JPM,353.510009765625,330.0,1.0712424538352272,0.024657534246575342,0.2216357391745081,0.045,24.65,0.07469696969696969,0.4089414575195312
JPM,353.510009765625,332.5,1.0631879992951128,0.024657534246575342,0.2216357391745081,0.045,22.25,0.06691729323308271,0.38867798828125
JPM,353.510009765625,335.0,1.055253760494403,0.024657534246575342,0.2216357391745081,0.045,20.1,0.060000000000000005,0.367193828125
JPM,353.510009765625,337.5,1.0474370659722223,0.024657534246575342,0.2216357391745081,0.045,17.525,0.051925925925925924,0.34705242797851554
JPM,353.510009765625,340.0,1.0397353228400736,0.024657534246575342,0.2216357391745081,0.045,15.549999999999999,0.045735294117647055,0.3276434423828125
JPM,353.510009765625,342.5,1.0321460139142336,0.024657534246575342,0.2216357391745081,0.045,13.45,0.03927007299270073,0.3109199768066406
JPM,353.510009765625,345.0,1.024666694972826,0.024657534246575342,0.2216357391745081,0.045,11.375,0.03297101449275362,0.2957834094238281
JPM,353.510009765625,347.5,1.017294992131295,0.024657534246575342,0.2216357391745081,0.045,9.475,0.02726618705035971,0.27912097839355465
JPM,353.510009765625,350.0,1.010028599330357,0.024657534246575342,0.2216357391745081,0.045,7.875,0.0225,0.25818612915039063
JPM,353.510009765625,352.5,1.0028652759308512,0.024657534246575342,0.2216357391745081,0.045,6.325,0.017943262411347517,0.25287612365722656
JPM,353.510009765625,355.0,0.9958028444102113,0.024657534246575342,0.2216357391745081,0.045,5.025,0.01415492957746479,0.24518577087402343
JPM,353.510009765625,357.5,0.9888391881555944,0.024657534246575342,0.2216357391745081,0.045,3.875,0.010839160839160839,0.24097438720703124
JPM,353.510009765625,360.0,0.9819722493489583,0.024657534246575342,0.2216357391745081,0.045,3.025,0.008402777777777778,0.24036404174804685
JPM,353.510009765625,362.5,0.9752000269396551,0.024657534246575342,0.2216357391745081,0.045,2.19,0.0060413793103448275,0.23200230895996093
JPM,353.510009765625,365.0,0.9685205747003425,0.024657534246575342,0.2216357391745081,0.045,1.6800000000000002,0.004602739726027398,0.23767852172851558
JPM,353.510009765625,367.5,0.9619319993622449,0.024657534246575342,0.2216357391745081,0.045,1.185,0.0032244897959183673,0.23975369628906246
JPM,353.510009765625,370.0,0.9554324588260135,0.024657534246575342,0.2216357391745081,0.045,0.8200000000000001,0.0022162162162162164,0.23059851440429688
JPM,353.510009765625,372.5,0.9490201604446309,0.024657534246575342,0.2216357391745081,0.045,0.6000000000000001,0.0016107382550335572,0.24463645996093752
JPM,353.510009765625,375.0,0.942693359375,0.024657534246575342,0.2216357391745081,0.045,0.375,0.001,0.23023230712890624
JPM,353.510009765625,377.5,0.9364503569950331,0.024657534246575342,0.2216357391745081,0.045,0.22499999999999998,0.0005960264900662251,0.23657989990234374
JPM,353.510009765625,380.0,0.9302894993832237,0.024657534246575342,0.2216357391745081,0.045,0.2,0.0005263157894736842,0.24732197998046873
JPM,353.510009765625,385.0,0.9182078175730519,0.024657534246575342,0.2216357391745081,0.045,0.15,0.0003896103896103896,0.27295648925781246
JPM,353.510009765625,400.0,0.8837750244140625,0.024657534246575342,0.2216357391745081,0.045,0.025,6.25e-05,0.28711650390624993
JPM,353.510009765625,455.0,0.7769450764079671,0.024657534246575342,0.2216357391745081,0.045,0.47000000000000003,0.001032967032967033,0.737307314453125
JPM,353.510009765625,300.0,1.17836669921875,0.043835616438356165,0.2216357391745081,0.045,54.375,0.18125,0.6295203063964845
JPM,353.510009765625,305.0,1.1590492123463114,0.043835616438356165,0.2216357391745081,0.045,49.775,0.16319672131147542,0.5861857788085938
JPM,353.510009765625,310.0,1.1403548702116935,0.043835616438356165,0.2216357391745081,0.045,44.725,0.1442741935483871,0.5300339965820313
JPM,353.510009765625,315.0,1.1222539992559524,0.043835616438356165,0.2216357391745081,0.045,39.925,0.12674603174603175,0.5014698291015626
JPM,353.510009765625,320.0,1.1047187805175782,0.043835616438356165,0.2216357391745081,0.045,35.2,0.11000000000000001,0.4621635815429688
JPM,353.510009765625,325.0,1.087723106971154,0.043835616438356165,0.2216357391745081,0.045,30.025,0.09238461538461538,0.39563592651367196
JPM,353.510009765625,330.0,1.0712424538352272,0.043835616438356165,0.2216357391745081,0.045,25.5,0.07727272727272727,0.3597476135253906
JPM,353.510009765625,335.0,1.055253760494403,0.043835616438356165,0.2216357391745081,0.045,20.95,0.06253731343283582,0.3316717224121094
JPM,353.510009765625,340.0,1.0397353228400736,0.043835616438356165,0.2216357391745081,0.045,16.6,0.04882352941176471,0.2882151257324218
JPM,353.510009765625,345.0,1.024666694972826,0.043835616438356165,0.2216357391745081,0.045,12.925,0.03746376811594203,0.2825999475097656
JPM,353.510009765625,350.0,1.010028599330357,0.043835616438356165,0.2216357391745081,0.045,9.375,0.026785714285714284,0.2542188836669922
LLY,1123.9100341796875,900.0,1.2487889268663195,0.02,0.3592001326516945,0.045,224.325,0.24925,0.9414068359375
LLY,1123.9100341796875,905.0,1.2418895405300414,0.02,0.3592001326516945,0.045,217.89999999999998,0.2407734806629834,1.476809256591797
LLY,1123.9100341796875,920.0,1.2216413414996603,0.02,0.3592001326516945,0.045,203.39999999999998,0.2210869565217391,1.4038115747070314
LLY,1123.9100341796875,930.0,1.208505413096438,0.02,0.3592001326516945,0.045,191.975,0.2064247311827957,1.2452430316162106
LLY,1123.9100341796875,935.0,1.2020428173044786,0.02,0.3592001326516945,0.045,187.14999999999998,0.2001604278074866,1.2774694329833982
LLY,1123.9100341796875,940.0,1.1956489725315824,0.02,0.3592001326516945,0.045,182.475,0.19412234042553192,1.2214394396972654
LLY,1123.9100341796875,950.0,1.1830631938733553,0.02,0.3592001326516945,0.045,172.025,0.18107894736842106,1.143681039428711
LLY,1123.9100341796875,980.0,1.1468469736527422,0.02,0.3592001326516945,0.045,142.825,0.14573979591836733,0.9937744763183594
LLY,1123.9100341796875,985.0,1.1410254154108503,0.02,0.3592001326516945,0.045,137.3,0.13939086294416245,0.9631351342773438
LLY,1123.9100341796875,990.0,1.135262660787563,0.02,0.3592001326516945,0.045,133.3,0.13464646464646465,0.9807130834960938
LLY,1123.9100341796875,995.0,1.1295578232961683,0.02,0.3592001326516945,0.045,128.275,0.12891959798994976,0.9373785559082031
LLY,1123.9100341796875,1000.0,1.1239100341796875,0.02,0.3592001326516945,0.045,122.65,0.12265000000000001,0.8453384606933592
LLY,1123.9100341796875,1005.0,1.1183184419698382,0.02,0.3592001326516945,0.045,116.675,0.11609452736318408,0.8179949841308591
LLY,1123.9100341796875,1010.0,1.1127822120590964,0.02,0.3592001326516945,0.045,112.225,0.1111138613861386,0.8399674206542969
LLY,1123.9100341796875,1015.0,1.1073005262854063,0.02,0.3592001326516945,0.045,107.325,0.10573891625615764,0.8318498260498046
LLY,1123.9100341796875,1020.0,1.1018725825291054,0.02,0.3592001326516945,0.045,127.35,0.12485294117647058,1.3880645831298828
LLY,1123.9100341796875,1025.0,1.0964975943216464,0.02,0.3592001326516945,0.045,96.125,0.09378048780487805,0.5972940661621093
LLY,1123.9100341796875,1030.0,1.091174790465716,0.02,0.3592001326516945,0.045,91.7,0.08902912621359224,0.6030313134765627
LLY,1123.9100341796875,1035.0,1.0859034146663646,0.02,0.3592001326516945,0.045,86.65,0.08371980676328503,0.5688519677734375
LLY,1123.9100341796875,1040.0,1.0806827251727764,0.02,0.3592001326516945,0.045,82.7,0.07951923076923077,0.7076445251464845
LLY,1123.9100341796875,1050.0,1.0703905087425596,0.02,0.3592001326516945,0.045,71.075,0.06769047619047619,0.4730277307128906
LLY,1123.9100341796875,1060.0,1.060292485075177,0.02,0.3592001326516945,0.045,61.825,0.05832547169811321,0.45465633239746095
LLY,1123.9100341796875,1065.0,1.0553145860842137,0.02,0.3592001326516945,0.045,58.0,0.054460093896713614,0.5063525927734375
LLY,1123.9100341796875,1070.0,1.0503832095137267,0.02,0.3592001326516945,0.045,53.599999999999994,0.05009345794392523,0.44165597412109375
LLY,1123.9100341796875,1080.0,1.0406574390552663,0.02,0.3592001326516945,0.045,44.55,0.041249999999999995,0.411138701171875
LLY,1123.9100341796875,1085.0,1.03586178265409,0.02,0.3592001326516945,0.045,42.15,0.038847926267281105,0.4249935430908204
LLY,1123.9100341796875,1090.0,1.0311101231006308,0.02,0.3592001326516945,0.045,35.5,0.03256880733944954,0.4116269775390625
LLY,1123.9100341796875,1095.0,1.0264018576983447,0.02,0.3592001326516945,0.045,32.95,0.030091324200913244,0.4048521429443359
LLY,1123.9100341796875,1100.0,1.0217363947088067,0.02,0.3592001326516945,0.045,26.575000000000003,0.02415909090909091,0.36072416625976556
LLY,1123.9100341796875,1105.0,1.0171131531037896,0.02,0.3592001326516945,0.045,24.15,0.021855203619909502,0.39346920013427733
LLY,1123.9100341796875,1110.0,1.0125315623240427,0.02,0.3592001326516945,0.045,22.1,0.01990990990990991,0.39029540374755856
LLY,1123.9100341796875,1115.0,1.0079910620445627,0.02,0.3592001326516945,0.045,18.975,0.017017937219730942,0.3859924682617187
LLY,1123.9100341796875,1120.0,1.0034911019461497,0.02,0.3592001326516945,0.045,16.875,0.015066964285714286,0.3461674270629882
LLY,1123.9100341796875,1125.0,0.9990311414930556,0.02,0.3592001326516945,0.045,14.675,0.013044444444444445,0.3425969061279296
LLY,1123.9100341796875,1130.0,0.9946106497165376,0.02,0.3592001326516945,0.045,11.375,0.01006637168141593,0.3294439614868163
LLY,1123.9100341796875,1135.0,0.99022910500413,0.02,0.3592001326516945,0.045,10.125,0.008920704845814979,0.387152124633789
LLY,1123.9100341796875,1140.0,0.9858859948944627,0.02,0.3592001326516945,0.045,8.05,0.007061403508771931,0.33328913787841796
LLY,1123.9100341796875,1145.0,0.9815808158774564,0.02,0.3592001326516945,0.045,6.7,0.005851528384279476,0.33850759155273435
LLY,1123.9100341796875,1150.0,0.9773130731997283,0.02,0.3592001326516945,0.045,5.425,0.004717391304347826,0.3336858624267578
LLY,1123.9100341796875,1152.5,0.9751930882253254,0.02,0.3592001326516945,0.045,4.04,0.003505422993492408,0.3282537878417968
LLY,1123.9100341796875,1155.0,0.9730822806750541,0.02,0.3592001326516945,0.045,4.25,0.00367965367965368,0.3465031170654296
LLY,1123.9100341796875,1157.5,0.9709805910839633,0.02,0.3592001326516945,0.045,3.5,0.003023758099352052,0.36035795898437495
LLY,1123.9100341796875,1160.0,0.9688879604997306,0.02,0.3592001326516945,0.045,3.55,0.0030603448275862066,0.33777517700195314
LLY,1123.9100341796875,1162.5,0.9668043304771505,0.02,0.3592001326516945,0.045,2.68,0.0023053763440860214,0.35657381713867187
LLY,1123.9100341796875,1165.0,0.9647296430726932,0.02,0.3592001326516945,0.045,2.875,0.0024678111587982834,0.35742830078125
LLY,1123.9100341796875,1167.5,0.9626638408391328,0.02,0.3592001326516945,0.045,2.58,0.002209850107066381,0.3606631317138671
LLY,1123.9100341796875,1170.0,0.9606068668202458,0.02,0.3592001326516945,0.045,2.6,0.0022222222222222222,0.36121244262695307
LLY,1123.9100341796875,1172.5,0.9585586645455757,0.02,0.3592001326516945,0.045,2.02,0.001722814498933902,0.35858795715332037
LLY,1123.9100341796875,1175.0,0.956519178025266,0.02,0.3592001326516945,0.045,1.875,0.0015957446808510637,0.3522403643798828
LLY,1123.9100341796875,1177.5,0.9544883517449575,0.02,0.3592001326516945,0.045,1.715,0.001456475583864119,0.35645174804687496
LLY,1123.9100341796875,1180.0,0.9524661306607521,0.02,0.3592001326516945,0.045,1.475,0.00125,0.3591372680664062
LLY,1123.9100341796875,1182.5,0.9504524601942389,0.02,0.3592001326516945,0.045,1.2449999999999999,0.0010528541226215644,0.3524845025634765
LLY,1123.9100341796875,1185.0,0.9484472862275843,0.02,0.3592001326516945,0.045,1.185,0.001,0.3532779516601562
LLY,1123.9100341796875,1187.5,0.9464505550986843,0.02,0.3592001326516945,0.045,0.83,0.0006989473684210526,0.3626772717285156
LLY,1123.9100341796875,1190.0,0.944462213596376,0.02,0.3592001326516945,0.045,1.025,0.000861344537815126,0.3675600354003906
LLY,1123.9100341796875,1192.5,0.9424822089557128,0.02,0.3592001326516945,0.045,0.895,0.000750524109014675,0.38355108642578123
LLY,1123.9100341796875,1195.0,0.940510488853295,0.02,0.3592001326516945,0.045,1.28,0.0010711297071129707,0.4173031903076171
LLY,1123.9100341796875,1197.5,0.9385470014026618,0.02,0.3592001326516945,0.045,0.775,0.0006471816283924844,0.39160764648437496
LLY,1123.9100341796875,1200.0,0.9365916951497396,0.02,0.3592001326516945,0.045,0.73,0.0006083333333333333,0.36646141357421874
LLY,1123.9100341796875,1205.0,0.9327054225557573,0.02,0.3592001326516945,0.045,0.48000000000000004,0.0003983402489626556,0.3947814428710938
LLY,1123.9100341796875,1210.0,0.9288512679170972,0.02,0.3592001326516945,0.045,0.595,0.0004917355371900827,0.4023497265625
LLY,1123.9100341796875,1215.0,0.9250288347157922,0.02,0.3592001326516945,0.045,0.335,0.0002757201646090535,0.38794557373046873
LLY,1123.9100341796875,1220.0,0.9212377329341701,0.02,0.3592001326516945,0.045,0.365,0.0002991803278688525,0.4138242211914062
LLY,1123.9100341796875,1225.0,0.9174775789221938,0.02,0.3592001326516945,0.045,0.32,0.00026122448979591835,0.4382380395507813
LLY,1123.9100341796875,1230.0,0.9137479952680386,0.02,0.3592001326516945,0.045,0.23500000000000001,0.0001910569105691057,0.422857333984375
LLY,1123.9100341796875,1240.0,0.9063790598223286,0.02,0.3592001326516945,0.045,0.265,0.00021370967741935485,0.4458063232421875
LLY,1123.9100341796875,1250.0,0.89912802734375,0.02,0.3592001326516945,0.045,0.16,0.000128,0.4414118359375
LLY,1123.9100341796875,1260.0,0.8919920906187996,0.02,0.3592001326516945,0.045,0.15000000000000002,0.00011904761904761906,0.47852083984375
LLY,1123.9100341796875,1270.0,0.8849685308501476,0.02,0.3592001326516945,0.045,0.145,0.00011417322834645669,0.5097705273437501
LLY,1123.9100341796875,1285.0,0.8746381588946984,0.02,0.3592001326516945,0.045,0.07,5.4474708171206234e-05,0.5127001855468749
AVGO,368.55999755859375,290.0,1.2708965433054957,0.02,0.47377988649437563,0.045,78.5,0.2706896551724138,2.2392622143554686
AVGO,368.55999755859375,295.0,1.2493559239274366,0.02,0.47377988649437563,0.045,73.4,0.24881355932203392,2.053715803222656
AVGO,368.55999755859375,300.0,1.2285333251953126,0.02,0.47377988649437563,0.045,68.475,0.22824999999999998,1.97265638671875
AVGO,368.55999755859375,302.5,1.2183801572184918,0.02,0.47377988649437563,0.045,66.0,0.21818181818181817,1.9238285058593751
AVGO,368.55999755859375,305.0,1.2083934346183403,0.02,0.47377988649437563,0.045,63.45,0.2080327868852459,1.834961762695312
AVGO,368.55999755859375,307.5,1.1985690977515244,0.02,0.47377988649437563,0.045,61.125,0.19878048780487806,1.01172369140625
AVGO,368.55999755859375,310.0,1.1889032179309476,0.02,0.47377988649437563,0.045,58.55,0.18887096774193549,1.78515732421875
AVGO,368.55999755859375,315.0,1.17003173828125,0.02,0.47377988649437563,0.045,53.599999999999994,0.17015873015873015,0.8437515624999999
AVGO,368.55999755859375,317.5,1.1608188899483267,0.02,0.47377988649437563,0.045,51.025,0.16070866141732282,1.5625021874999998
AVGO,368.55999755859375,320.0,1.1517499923706054,0.02,0.47377988649437563,0.045,48.625,0.151953125,0.8125018749999999
AVGO,368.55999755859375,322.5,1.1428216978561045,0.02,0.47377988649437563,0.045,45.7,0.14170542635658914,1.2841832666015622
AVGO,368.55999755859375,325.0,1.13403076171875,0.02,0.47377988649437563,0.045,43.2,0.13292307692307692,1.2265663671875
AVGO,368.55999755859375,327.5,1.1253740383468511,0.02,0.47377988649437563,0.045,40.375,0.12328244274809161,0.9770510107421876
AVGO,368.55999755859375,330.0,1.116848477450284,0.02,0.47377988649437563,0.045,38.125,0.11553030303030302,1.0742233789062503
AVGO,368.55999755859375,332.5,1.1084511204769736,0.02,0.47377988649437563,0.045,35.5,0.10676691729323308,0.9521489160156249
AVGO,368.55999755859375,335.0,1.1001790971898322,0.02,0.47377988649437563,0.045,33.175,0.09902985074626865,0.98437515625
AVGO,368.55999755859375,337.5,1.0920296223958332,0.02,0.47377988649437563,0.045,30.675,0.0908888888888889,0.9267585449218749
AVGO,368.55999755859375,340.0,1.0839999928193933,0.02,0.47377988649437563,0.045,28.0,0.08235294117647059,0.789064609375
AVGO,368.55999755859375,342.5,1.0760875841126825,0.02,0.47377988649437563,0.045,25.725,0.0751094890510949,0.8200701586914061
AVGO,368.55999755859375,345.0,1.068289847995924,0.02,0.47377988649437563,0.045,23.450000000000003,0.06797101449275363,0.7700218310546876
AVGO,368.55999755859375,347.5,1.060604309521133,0.02,0.47377988649437563,0.045,20.825,0.05992805755395683,0.7358424853515625
AVGO,368.55999755859375,350.0,1.053028564453125,0.02,0.47377988649437563,0.045,18.45,0.052714285714285714,0.5346726220703125
AVGO,368.55999755859375,352.5,1.045560276761968,0.02,0.47377988649437563,0.045,16.325,0.04631205673758865,0.6543003320312502
AVGO,368.55999755859375,355.0,1.0381971762213908,0.02,0.47377988649437563,0.045,13.7,0.038591549295774644,0.4924367163085938
AVGO,368.55999755859375,357.5,1.0309370561079545,0.02,0.47377988649437563,0.045,11.274999999999999,0.031538461538461536,0.4440973559570312
AVGO,368.55999755859375,360.0,1.0237777709960938,0.02,0.47377988649437563,0.045,9.100000000000001,0.02527777777777778,0.39087523193359375
AVGO,368.55999755859375,362.5,1.0167172346443965,0.02,0.47377988649437563,0.045,7.2,0.019862068965517243,0.3606020971679687
AVGO,368.55999755859375,365.0,1.00975341796875,0.02,0.47377988649437563,0.045,5.3,0.01452054794520548,0.3166572241210937
AVGO,368.55999755859375,367.5,1.0028843470982143,0.02,0.47377988649437563,0.045,3.875,0.01054421768707483,0.3215399877929687
AVGO,368.55999755859375,370.0,0.9961081015097129,0.02,0.47377988649437563,0.045,2.67,0.007216216216216216,0.31287308227539057
AVGO,368.55999755859375,372.5,0.9894228122378356,0.02,0.47377988649437563,0.045,1.77,0.004751677852348994,0.3161689477539062
AVGO,368.55999755859375,375.0,0.98282666015625,0.02,0.47377988649437563,0.045,1.1400000000000001,0.00304,0.31958688232421867
AVGO,368.55999755859375,377.5,0.9763178743274007,0.02,0.47377988649437563,0.045,0.72,0.0019072847682119205,0.32617861328125
AVGO,368.55999755859375,380.0,0.969894730417352,0.02,0.47377988649437563,0.045,0.44,0.0011578947368421054,0.32959654785156245
AVGO,368.55999755859375,382.5,0.9635555491727941,0.02,0.47377988649437563,0.045,0.28,0.0007320261437908498,0.34180345703125
AVGO,368.55999755859375,385.0,0.9572986949573864,0.02,0.47377988649437563,0.045,0.16499999999999998,0.0004285714285714285,0.34766277343749996
AVGO,368.55999755859375,387.5,0.9511225743447581,0.02,0.47377988649437563,0.045,0.11,0.0002838709677419355,0.36133451171875
AVGO,368.55999755859375,390.0,0.945025634765625,0.02,0.47377988649437563,0.045,0.07,0.0001794871794871795,0.37500625
AVGO,368.55999755859375,392.5,0.9390063632066082,0.02,0.47377988649437563,0.045,0.055,0.00014012738853503185,0.42383388671875
AVGO,368.55999755859375,395.0,0.9330632849584652,0.02,0.47377988649437563,0.045,0.025,6.329113924050633e-05,0.40430283203125
AVGO,368.55999755859375,402.5,0.9156770125679348,0.02,0.47377988649437563,0.045,0.02,4.968944099378882e-05,0.4804739453125
AVGO,368.55999755859375,290.0,1.2708965433054957,0.02,0.47377988649437563,0.045,68.55,0.23637931034482756,1.0000000000000003e-05
AVGO,368.55999755859375,295.0,1.2493559239274366,0.02,0.47377988649437563,0.045,73.6,0.2494915254237288,0.8125018749999999
AVGO,368.55999755859375,300.0,1.2285333251953126,0.02,0.47377988649437563,0.045,68.07499999999999,0.22691666666666663,1.1728556982421874
AVGO,368.55999755859375,305.0,1.2083934346183403,0.02,0.47377988649437563,0.045,63.275,0.2074590163934426,1.1948282446289062
AVGO,368.55999755859375,307.5,1.1985690977515244,0.02,0.47377988649437563,0.045,60.775000000000006,0.19764227642276425,1.142582412109375
AVGO,368.55999755859375,310.0,1.1889032179309476,0.02,0.47377988649437563,0.045,58.400000000000006,0.18838709677419357,1.1533245458984376
AVGO,368.55999755859375,312.5,1.1793919921875,0.02,0.47377988649437563,0.045,55.55,0.17776,0.9526371923828124
AVGO,368.55999755859375,315.0,1.17003173828125,0.02,0.47377988649437563,0.045,53.400000000000006,0.16952380952380955,1.0695847302246095
AVGO,368.55999755859375,317.5,1.1608188899483267,0.02,0.47377988649437563,0.045,51.025000000000006,0.16070866141732285,1.0717819848632817
AVGO,368.55999755859375,320.0,1.1517499923706054,0.02,0.47377988649437563,0.045,48.2,0.150625,0.9086923193359374
AVGO,368.55999755859375,322.5,1.1428216978561045,0.02,0.47377988649437563,0.045,45.625,0.14147286821705427,0.8374039697265624
AVGO,368.55999755859375,325.0,1.13403076171875,0.02,0.47377988649437563,0.045,43.55,0.13399999999999998,0.9504399487304687
AVGO,368.55999755859375,327.5,1.1253740383468511,0.02,0.47377988649437563,0.045,40.974999999999994,0.12511450381679387,0.8764660791015625
AVGO,368.55999755859375,330.0,1.116848477450284,0.02,0.47377988649437563,0.045,38.125,0.11553030303030302,0.7114286669921875
AVGO,368.55999755859375,332.5,1.1084511204769736,0.02,0.47377988649437563,0.045,35.974999999999994,0.1081954887218045,0.7915059912109376
AVGO,368.55999755859375,335.0,1.1001790971898322,0.02,0.47377988649437563,0.045,33.65,0.10044776119402984,0.7902853002929688
AVGO,368.55999755859375,337.5,1.0920296223958332,0.02,0.47377988649437563,0.045,31.625,0.0937037037037037,0.551762294921875
AVGO,368.55999755859375,340.0,1.0839999928193933,0.02,0.47377988649437563,0.045,28.45,0.0836764705882353,0.6496617065429688
AVGO,368.55999755859375,342.5,1.0760875841126825,0.02,0.47377988649437563,0.045,26.125,0.07627737226277373,0.63867548828125
AVGO,368.55999755859375,345.0,1.068289847995924,0.02,0.47377988649437563,0.045,24.35,0.07057971014492755,0.6340368627929689
AVGO,368.55999755859375,347.5,1.060604309521133,0.02,0.47377988649437563,0.045,21.375,0.06151079136690647,0.5141650146484374
AVGO,368.55999755859375,350.0,1.053028564453125,0.02,0.47377988649437563,0.045,19.3,0.055142857142857146,0.48169463623046876
AVGO,368.55999755859375,352.5,1.045560276761968,0.02,0.47377988649437563,0.045,16.7,0.04737588652482269,0.49231464721679696
AVGO,368.55999755859375,355.0,1.0381971762213908,0.02,0.47377988649437563,0.045,15.05,0.0423943661971831,0.46582565429687506
AVGO,368.55999755859375,357.5,1.0309370561079545,0.02,0.47377988649437563,0.045,12.95,0.03622377622377622,0.43921459228515625
AVGO,368.55999755859375,360.0,1.0237777709960938,0.02,0.47377988649437563,0.045,11.025,0.030625,0.4154111193847656
AVGO,368.55999755859375,362.5,1.0167172346443965,0.02,0.47377988649437563,0.045,9.475,0.026137931034482757,0.44165597412109375
AVGO,368.55999755859375,365.0,1.00975341796875,0.02,0.47377988649437563,0.045,7.824999999999999,0.02143835616438356,0.40869731933593745
AVGO,368.55999755859375,367.5,1.0028843470982143,0.02,0.47377988649437563,0.045,6.55,0.01782312925170068,0.40698835205078127
